,Name,Appearances,Goals,Wins,Losses,Clean sheets,Goals Conceded,Tackles,Tackle success %,Last man tackles,Blocked shots,Interceptions,Clearances,Headed Clearance,Clearances off line,Recoveries,Duels won,Duels lost,Successful 50/50s,Aerial battles won,Aerial battles lost,Own goals,Errors leading to goal,Assists,Passes,Passes per match,Big Chances Created,Crosses,Cross accuracy %,Through balls,Accurate long balls,Yellow cards,Red cards,Fouls,Offsides,Headed goals,Goals with right foot,Goals with left foot,Hit woodwork,Big chances missed,Freekicks scored,Goals per match,Penalties scored,Shooting accuracy %,Shots,Shots on target
0,Sergio Reguilón,34,0,17,10,10,41,62,52%,0,8,49,57,25,0,169,152,160,26,38,48,1,1,4,"1,429",42.03,5,81,28%,1,42,5,0,30,1,0,0,0,0,,,,,,,
1,Rhys Williams,9,0,7,1,3,6,6,67%,0,2,6,26,19,0,34,38,12,0,30,8,0,0,0,504,56.00,0,0,0%,1,19,0,0,4,0,0,0,0,0,,,,,,,
2,Emerson Royal,4,0,1,3,0,7,12,58%,0,1,6,20,10,0,16,26,20,2,4,7,0,0,0,132,33.00,0,7,29%,0,2,0,0,5,0,0,0,0,0,,,,,,,
3,Gary Cahill,394,28,172,135,103,491,484,75%,18,66,465,"2,935","1,203",10,"1,505","2,032","1,089",71,"1,226",600,2,8,11,"13,464",34.17,8,23,17%,6,895,41,3,278,6,10,13,4,5,,,,,,,
4,Mads Bech Sørensen,1,0,1,0,0,0,0,0%,0,0,0,0,0,0,0,0,0,0,0,0,0,0,0,2,2.00,0,0,0%,0,0,0,0,0,0,0,0,0,0,,,,,,,
5,Ajibola Alese,0,0,0,0,0,0,0,0%,0,0,0,0,0,0,0,0,0,0,0,0,0,0,0,0,0.00,0,0,0%,0,0,0,0,0,0,0,0,0,0,,,,,,,
6,Nuno Tavares,4,0,2,2,0,0,3,33%,0,0,0,4,4,0,2,11,7,1,4,1,0,0,0,24,6.00,0,2,0%,0,0,1,0,1,0,0,0,0,0,,,,,,,
7,Maximilian Kilman,29,0,12,10,7,19,45,58%,0,3,31,64,33,0,110,101,81,11,39,45,0,1,1,"1,200",41.38,1,1,0%,0,37,5,0,24,0,0,0,0,0,,,,,,,
8,Alex Cochrane,0,0,0,0,0,0,0,0%,0,0,0,0,0,0,0,0,0,0,0,0,0,0,0,0,0.00,0,0,0%,0,0,0,0,0,0,0,0,0,0,,,,,,,
9,Andrew Omobamidele,1,0,0,1,0,1,1,100%,0,0,0,5,2,0,5,2,3,0,0,2,0,0,0,51,51.00,0,0,0%,0,3,0,0,1,0,0,0,0,0,,,,,,,
10,Jake Vokins,2,0,0,1,0,3,2,100%,0,0,0,1,0,0,1,3,5,0,0,0,0,0,0,71,35.50,0,4,25%,0,3,0,0,2,1,0,0,0,0,,,,,,,
11,Harry Maguire,179,10,74,62,46,232,225,66%,3,33,294,784,497,0,"1,088","1,114",546,117,637,248,0,2,8,"9,774",54.60,9,37,16%,6,806,37,1,157,18,6,4,0,6,,,,,,,
12,Christoph Zimmermann,17,0,2,10,3,27,32,66%,1,1,19,87,52,0,79,73,44,5,27,22,0,0,1,661,38.88,0,0,0%,0,46,3,0,9,0,0,0,0,0,,,,,,,
13,Charlie Cresswell,1,0,0,1,0,2,1,0%,0,0,1,3,3,0,2,4,4,0,3,3,0,0,0,72,72.00,0,0,0%,0,3,0,0,1,1,0,0,0,0,,,,,,,
14,Ben Gibson,44,2,5,25,12,68,35,74%,3,5,66,265,135,1,159,141,113,17,75,76,0,0,1,"2,001",45.48,1,0,0%,0,170,5,0,21,1,1,1,0,0,,,,,,,
15,Ibrahima Konaté,1,0,1,0,1,0,2,50%,0,0,1,3,1,0,5,4,2,0,2,1,0,0,0,56,56.00,0,0,0%,0,3,0,0,1,0,0,0,0,0,,,,,,,
16,Frederik Alves,0,0,0,0,0,0,0,0%,0,0,0,0,0,0,0,0,0,0,0,0,0,0,0,0,0.00,0,0,0%,0,0,0,0,0,0,0,0,0,0,,,,,,,
17,Lewis Dunk,150,11,39,63,40,202,180,55%,4,22,215,664,372,5,959,697,433,22,430,236,5,2,5,"7,936",52.91,4,12,25%,6,700,26,3,100,3,7,4,0,2,,,,,,,
18,Maksim Paskotsi,0,0,0,0,0,0,0,0%,0,0,0,0,0,0,0,0,0,0,0,0,0,0,0,0,0.00,0,0,0%,0,0,0,0,0,0,0,0,0,0,,,,,,,
19,Eric García,19,0,14,4,3,19,14,57%,0,0,22,41,17,0,57,38,48,6,14,28,0,0,0,"1,067",56.16,0,1,100%,1,36,1,0,13,0,0,0,0,0,,,,,,,
20,Craig Dawson,209,17,63,89,48,281,276,73%,2,38,372,950,561,5,850,"1,139",789,40,691,399,3,1,2,"6,409",30.67,6,300,21%,5,480,35,1,200,13,13,3,1,6,,,,,,,
21,Ahmed El Mohamady,197,6,51,96,31,246,284,77%,0,20,263,364,179,5,972,"1,000",890,130,462,419,1,1,13,"7,098",36.03,20,955,21%,7,334,14,1,158,13,4,2,0,4,,,,,,,
22,Joseph Gomez,81,0,56,7,31,61,113,74%,1,4,103,193,89,0,431,350,270,41,159,126,0,0,3,"4,900",60.49,2,68,24%,2,234,15,0,63,1,0,0,0,0,,,,,,,
23,Joel Lopez Salguero,0,0,0,0,0,0,0,0%,0,0,0,0,0,0,0,0,0,0,0,0,0,0,0,0,0.00,0,0,0%,0,0,0,0,0,0,0,0,0,0,,,,,,,
24,Héctor Bellerín,183,8,99,47,59,189,242,76%,1,38,239,334,163,3,815,685,797,207,189,243,1,1,20,"8,141",44.49,32,434,17%,32,162,30,0,143,9,0,5,3,3,,,,,,,
25,Issa Diop,83,6,32,34,13,119,115,58%,1,2,133,377,191,2,375,342,216,14,179,107,2,2,1,"2,691",32.42,3,1,0%,0,119,15,0,57,5,5,1,0,0,,,,,,,
26,Marc Cucurella,4,0,2,0,1,2,14,57%,0,0,2,8,2,0,24,28,11,4,6,1,0,0,0,204,51.00,0,17,18%,3,6,1,0,4,0,0,0,0,0,,,,,,,
27,Timothy Castagne,32,2,15,11,6,41,67,58%,0,2,32,55,31,0,149,144,120,13,49,46,0,1,3,"1,490",46.56,4,52,19%,0,29,1,0,24,1,1,0,1,1,,,,,,,
28,Lyanco,0,0,0,0,0,0,0,0%,0,0,0,0,0,0,0,0,0,0,0,0,0,0,0,0,0.00,0,0,0%,0,0,0,0,0,0,0,0,0,0,,,,,,,
29,Harrison Ashby,0,0,0,0,0,0,0,0%,0,0,0,0,0,0,0,0,0,0,0,0,0,0,0,0,0.00,0,0,0%,0,0,0,0,0,0,0,0,0,0,,,,,,,
30,Patrick van Aanholt,213,20,63,103,44,313,385,68%,3,55,356,471,185,7,"1,262",739,631,194,80,101,2,2,15,"7,785",36.55,26,428,26%,14,320,21,0,105,30,0,4,16,5,,,,,,,
31,Ben Johnson,19,1,10,6,,,20,45%,,1,15,19,5,,42,43,43,6,13,13,,0,0,320,16.84,1,31,16%,0,14,1,0,14,0,0,1,0,0,0,0,0.05,0,25%,4,1
32,Sil Swinkels,0,0,0,0,0,0,0,0%,0,0,0,0,0,0,0,0,0,0,0,0,0,0,0,0,0.00,0,0,0%,0,0,0,0,0,0,0,0,0,0,,,,,,,
33,Paul Dummett,143,3,48,60,30,171,232,73%,1,10,193,677,386,1,431,652,394,24,344,230,2,2,0,"4,332",30.29,4,212,20%,1,261,14,1,67,1,1,0,2,1,,,,,,,
34,Neil Taylor,146,0,48,63,38,192,267,76%,1,14,241,350,133,1,616,494,455,46,94,142,1,0,5,"5,500",37.67,6,255,22%,5,214,22,0,122,3,0,0,0,0,,,,,,,
35,Tudor Baluta,0,0,0,0,0,0,0,0%,0,0,0,0,0,0,0,0,0,0,0,0,0,0,0,0,0.00,0,0,0%,0,0,0,0,0,0,0,0,0,0,,,,,,,
36,Kyle John,0,0,0,0,0,0,0,0%,0,0,0,0,0,0,0,0,0,0,0,0,0,0,0,0,0.00,0,0,0%,0,0,0,0,0,0,0,0,0,0,,,,,,,
37,Cody Drameh,0,0,0,0,0,0,0,0%,0,0,0,0,0,0,0,0,0,0,0,0,0,0,0,0,0.00,0,0,0%,0,0,0,0,0,0,0,0,0,0,,,,,,,
38,Wesley Hoedt,41,0,6,19,9,66,88,72%,3,3,63,248,119,0,281,242,158,30,94,77,2,2,1,"1,944",47.41,1,8,13%,1,199,9,0,37,0,0,0,0,2,,,,,,,
39,Emerson,33,0,14,14,4,36,46,61%,0,6,29,37,20,0,111,128,81,27,28,21,0,0,1,"1,343",40.70,3,99,19%,2,35,3,0,18,2,0,0,0,1,,,,,,,
40,Raphaël Varane,5,0,3,1,1,4,8,50%,0,0,3,18,13,0,23,22,9,1,12,6,0,0,1,345,69.00,1,0,0%,0,26,0,0,1,0,0,0,0,0,,,,,,,
41,João Cancelo,52,2,35,10,23,32,124,61%,0,17,78,53,32,0,302,311,276,95,64,66,0,0,4,"3,390",65.19,15,142,15%,14,126,10,1,59,2,0,1,1,2,,,,,,,
42,Ciaran Clark,206,15,50,99,32,316,336,73%,5,21,339,"1,374",638,5,808,999,684,54,499,352,1,4,5,"6,637",32.22,10,41,20%,2,417,51,2,189,3,12,0,3,3,,,,,,,
43,Jake Clarke-Salter,1,0,1,0,0,0,2,0%,0,0,0,0,0,0,0,2,1,0,0,1,0,0,0,6,6.00,0,0,0%,0,0,0,0,0,0,0,0,0,0,,,,,,,
44,Matthew Lowton,213,3,59,103,47,324,482,65%,1,11,381,796,350,8,970,947,729,125,238,176,0,2,14,"6,898",32.38,27,534,18%,23,597,41,0,166,1,0,2,1,1,,,,,,,
45,Eric Dier,209,10,117,48,64,208,310,72%,2,36,285,674,396,1,884,950,795,56,508,372,0,6,8,"11,632",55.66,13,126,18%,18,772,36,0,179,6,4,5,1,3,,,,,,,
46,Conor Coady,121,1,47,43,34,143,110,64%,7,0,93,394,217,4,685,265,194,13,119,87,3,3,0,"5,716",47.24,2,0,0%,7,808,16,0,53,1,1,0,0,1,,,,,,,
47,Fabian Schär,66,7,23,32,13,85,114,57%,0,10,142,269,134,2,323,329,301,37,122,124,0,3,1,"2,427",36.77,1,36,11%,6,306,23,1,82,4,1,4,2,0,,,,,,,
48,Luke Mbete,0,0,0,0,0,0,0,0%,0,0,0,0,0,0,0,0,0,0,0,0,0,0,0,0,0.00,0,0,0%,0,0,0,0,0,0,0,0,0,0,,,,,,,
49,Akin Famewo,1,0,0,1,0,0,0,0%,0,0,0,0,0,0,0,0,0,0,0,0,0,0,0,0,0.00,0,0,0%,0,0,0,0,0,0,0,0,0,0,,,,,,,
50,Davide Zappacosta,26,1,17,4,4,15,26,42%,0,9,9,24,14,0,71,70,76,16,17,8,0,0,1,520,20.00,2,85,20%,0,8,0,0,9,5,0,0,1,1,,,,,,,
51,Florian Lejeune,42,2,13,22,9,55,66,56%,1,4,77,203,117,2,237,229,150,19,124,75,0,2,2,"1,831",43.60,2,14,7%,5,203,3,0,34,2,0,1,1,0,,,,,,,
52,Jannik Vestergaard,77,4,26,35,14,109,132,63%,1,8,107,412,237,0,371,464,263,23,274,147,0,1,0,"3,681",47.81,3,7,29%,3,221,9,1,48,1,4,0,0,2,,,,,,,
53,Diego Llorente,18,2,9,5,5,14,40,63%,0,3,23,42,20,0,119,92,70,6,36,30,0,0,0,850,47.22,1,2,0%,1,48,2,0,17,0,1,0,1,0,,,,,,,
54,Kristoffer Ajer,6,0,2,1,2,5,7,57%,0,1,7,21,8,1,23,32,20,4,11,10,0,0,0,157,26.17,0,4,25%,1,9,1,0,2,0,0,0,0,0,,,,,,,
55,Joshua Wilson-Esbrand,0,0,0,0,0,0,0,0%,0,0,0,0,0,0,0,0,0,0,0,0,0,0,0,0,0.00,0,0,0%,0,0,0,0,0,0,0,0,0,0,,,,,,,
56,Rúben Vinagre,35,0,14,11,2,22,44,61%,0,2,27,32,15,0,111,112,123,35,17,30,0,0,0,608,17.37,3,86,21%,1,16,2,0,21,1,0,0,0,0,,,,,,,
57,Charlie Goode,0,0,0,0,0,0,0,0%,0,0,0,0,0,0,0,0,0,0,0,0,0,0,0,0,0.00,0,0,0%,0,0,0,0,0,0,0,0,0,0,,,,,,,
58,Craig Cathcart,157,5,49,70,30,224,226,69%,5,8,179,888,356,4,601,589,400,17,304,247,4,4,1,"4,799",30.57,3,15,27%,1,457,19,0,69,0,4,0,1,0,,,,,,,
59,Christian Kabasele,95,4,27,47,16,122,119,63%,2,11,127,458,250,3,287,431,307,14,251,160,1,0,2,"2,468",25.98,1,12,25%,0,200,9,3,90,0,3,1,0,0,,,,,,,
60,Alex Telles,9,0,7,2,1,11,14,50%,0,1,16,18,15,0,45,36,36,3,17,14,0,0,2,458,50.89,1,55,22%,1,14,0,0,4,1,0,0,0,1,,,,,,,
61,Serge Aurier,77,5,40,19,16,75,217,65%,1,11,104,190,117,0,396,517,443,79,167,148,1,1,12,"3,118",40.49,17,264,16%,2,85,4,2,102,10,2,2,1,0,,,,,,,
62,Pascal Struijk,32,1,14,13,7,41,57,61%,0,4,54,95,46,1,151,125,109,4,56,57,0,0,0,"1,512",47.25,0,1,100%,0,70,4,1,30,0,1,0,0,0,,,,,,,
63,Shea Charles,0,0,0,0,0,0,0,0%,0,0,0,0,0,0,0,0,0,0,0,0,0,0,0,0,0.00,0,0,0%,0,0,0,0,0,0,0,0,0,0,,,,,,,
64,Pablo Marí,14,0,7,5,5,12,22,59%,0,1,13,48,27,0,55,64,45,3,36,28,0,0,0,821,58.64,1,0,0%,0,30,3,0,11,0,0,0,0,0,,,,,,,
65,Ben Wilmot,2,0,1,1,0,2,0,0%,0,0,0,1,0,0,3,0,1,0,0,0,0,0,0,9,4.50,0,0,0%,0,3,0,0,0,0,0,0,0,0,,,,,,,
66,Dujon Sterling,0,0,0,0,0,0,0,0%,0,0,0,0,0,0,0,0,0,0,0,0,0,0,0,0,0.00,0,0,0%,0,0,0,0,0,0,0,0,0,0,,,,,,,
67,Matt Targett,115,2,41,46,27,140,210,59%,0,11,187,247,117,1,491,483,385,36,164,139,1,1,9,"4,063",35.33,17,417,24%,10,268,15,0,73,2,1,0,1,1,,,,,,,
68,Jonny,75,3,29,21,15,78,181,57%,0,18,122,89,39,0,354,397,410,65,79,104,0,2,3,"2,344",31.25,3,109,17%,2,55,10,0,64,7,0,3,0,1,,,,,,,
69,Çaglar Söyüncü,70,2,33,20,18,79,104,64%,1,2,85,290,148,1,343,367,236,25,202,119,0,3,1,"4,426",63.23,2,17,29%,0,182,8,1,62,2,2,0,0,0,,,,,,,
70,Marc Navarro,2,0,1,1,0,2,4,50%,0,0,0,2,0,0,4,5,4,1,0,2,0,0,0,23,11.50,0,5,20%,0,1,0,0,1,0,0,0,0,0,,,,,,,
71,Nigel Lonwijk,0,0,0,0,0,0,0,0%,0,0,0,0,0,0,0,0,0,0,0,0,0,0,0,0,0.00,0,0,0%,0,0,0,0,0,0,0,0,0,0,,,,,,,
72,Leo Østigard,0,0,0,0,0,0,0,0%,0,0,0,0,0,0,0,0,0,0,0,0,0,0,0,0,0.00,0,0,0%,0,0,0,0,0,0,0,0,0,0,,,,,,,
73,Phil Bardsley,303,7,101,132,67,366,731,78%,8,56,428,"1,087",385,10,"1,166","1,406","1,003",106,306,286,4,3,5,"9,336",30.81,17,669,20%,19,589,79,2,333,5,0,6,1,2,,,,,,,
74,Marcos Alonso,157,23,98,34,59,144,312,66%,0,75,233,405,206,1,913,886,720,101,316,234,0,1,13,"7,069",45.03,20,492,19%,9,238,29,1,144,18,4,3,16,13,,,,,,,
75,Dennis Cirkin,0,0,0,0,0,0,0,0%,0,0,0,0,0,0,0,0,0,0,0,0,0,0,0,0,0.00,0,0,0%,0,0,0,0,0,0,0,0,0,0,,,,,,,
76,Finley Burns,0,0,0,0,0,0,0,0%,0,0,0,0,0,0,0,0,0,0,0,0,0,0,0,0,0.00,0,0,0%,0,0,0,0,0,0,0,0,0,0,,,,,,,
77,Jamal Lewis,53,1,10,37,5,94,88,63%,0,3,36,91,34,0,250,190,182,46,17,37,0,0,1,"1,702",32.11,2,88,26%,1,62,8,0,33,3,0,0,1,1,,,,,,,
78,Andrew Robertson,193,5,105,45,54,203,318,65%,4,23,215,358,151,4,"1,119",642,582,135,126,120,0,2,40,"11,098",57.50,50,954,18%,11,408,23,0,106,19,2,0,3,3,,,,,,,
79,Maxwel Cornet,2,1,0,1,0,1,1,100%,0,0,1,1,1,0,9,5,4,1,1,0,0,0,0,30,15.00,0,2,50%,0,0,1,0,0,0,0,1,0,0,,,,,,,
80,Toby Stevenson,0,0,0,0,0,0,0,0%,0,0,0,0,0,0,0,0,0,0,0,0,0,0,0,0,0.00,0,0,0%,0,0,0,0,0,0,0,0,0,0,,,,,,,
81,Michal Karbownik,0,0,0,0,0,0,0,0%,0,0,0,0,0,0,0,0,0,0,0,0,0,0,0,0,0.00,0,0,0%,0,0,0,0,0,0,0,0,0,0,,,,,,,
82,Callum Rowe,0,0,0,0,0,0,0,0%,0,0,0,0,0,0,0,0,0,0,0,0,0,0,0,0,0.00,0,0,0%,0,0,0,0,0,0,0,0,0,0,,,,,,,
83,Romain Perraud,4,0,0,1,1,4,6,67%,0,0,5,6,3,0,8,11,12,0,3,4,0,0,0,64,16.00,0,11,9%,0,1,0,0,6,0,0,0,0,0,,,,,,,
84,Ben White,41,0,12,14,14,47,53,51%,1,6,72,70,35,0,202,149,149,26,59,61,0,0,0,"1,982",48.34,1,22,5%,1,99,4,1,34,1,0,0,0,0,,,,,,,
85,Kallum Cesay,0,0,0,0,0,0,0,0%,0,0,0,0,0,0,0,0,0,0,0,0,0,0,0,0,0.00,0,0,0%,0,0,0,0,0,0,0,0,0,0,,,,,,,
86,Angelo Ogbonna,170,7,63,61,37,247,200,67%,1,13,243,811,442,0,733,751,469,31,454,275,1,2,1,"5,877",34.57,3,12,50%,3,402,21,0,117,1,5,0,1,2,,,,,,,
87,Owen Dodgson,0,0,0,0,0,0,0,0%,0,0,0,0,0,0,0,0,0,0,0,0,0,0,0,0,0.00,0,0,0%,0,0,0,0,0,0,0,0,0,0,,,,,,,
88,John Stones,184,5,107,42,57,172,199,72%,4,11,209,653,365,4,818,739,350,106,367,193,0,8,0,"10,602",57.62,5,19,26%,2,644,7,1,52,4,2,2,1,1,,,,,,,
89,James Furlong,0,0,0,0,0,0,0,0%,0,0,0,0,0,0,0,0,0,0,0,0,0,0,0,0,0.00,0,0,0%,0,0,0,0,0,0,0,0,0,0,,,,,,,
90,Ethan Pinnock,7,1,3,1,3,4,3,100%,0,0,12,32,19,0,25,38,16,3,30,9,0,0,1,283,40.43,0,3,0%,0,11,0,0,0,0,0,0,1,0,,,,,,,
91,Nathan Collins,1,0,0,0,1,0,1,0%,0,1,1,2,1,0,9,7,7,1,5,4,0,0,0,35,35.00,0,0,0%,0,2,0,0,2,1,0,0,0,0,,,,,,,
92,Rico Henry,7,0,3,1,2,6,7,86%,0,0,6,9,6,0,45,26,46,8,6,11,0,0,0,188,26.86,0,11,27%,0,3,1,0,6,0,0,0,0,0,,,,,,,
93,Valentino Livramento,7,0,0,3,1,10,14,43%,0,0,9,13,5,0,51,40,30,10,4,6,0,0,0,238,34.00,1,16,13%,1,6,1,0,4,0,0,0,0,0,,,,,,,
94,Francisco Sierralta,3,0,0,3,0,4,3,33%,0,0,1,18,10,0,14,8,3,2,2,0,1,0,0,128,42.67,0,0,0%,0,2,0,0,2,0,0,0,0,0,,,,,,,
95,Mason Holgate,95,1,42,26,24,108,171,67%,1,3,121,366,182,1,435,462,321,35,172,145,0,3,4,"3,612",38.02,8,88,17%,3,311,20,0,72,4,0,0,1,1,,,,,,,
96,Tariq Lamptey,20,1,5,8,2,23,26,65%,0,4,35,24,11,0,92,108,103,28,8,19,0,0,2,552,27.60,5,57,23%,1,6,4,1,34,1,0,1,0,0,,,,,,,
97,Wes Morgan,170,8,72,60,41,217,200,67%,3,22,313,880,527,1,586,797,493,44,503,310,2,2,2,"4,439",26.11,1,6,33%,2,221,12,3,129,5,5,1,2,0,,,,,,,
98,Nathaniel Clyne,198,4,84,66,55,238,488,69%,6,31,294,429,109,0,888,791,617,129,70,160,1,3,11,"8,171",41.27,15,490,19%,15,267,20,0,105,2,0,3,1,2,,,,,,,
99,Diogo Dalot,22,0,10,8,1,20,28,54%,0,5,12,34,14,0,60,72,39,13,28,6,0,0,2,495,22.50,5,57,28%,0,12,4,0,14,2,0,0,0,0,,,,,,,
100,Jimmy Dunne,3,1,0,3,0,6,3,100%,0,2,6,16,6,0,23,30,11,1,23,6,0,0,0,153,51.00,0,0,0%,0,10,1,0,2,0,1,0,0,0,,,,,,,
101,Teden Mengi,0,0,0,0,0,0,0,0%,0,0,0,0,0,0,0,0,0,0,0,0,0,0,0,0,0,0,0,0%,0,0,0,0,0,0,0,0,0,0,,,,,,,
102,Omar Rekik,0,0,0,0,0,0,0,0%,0,0,0,0,0,0,0,0,0,0,0,0,0,0,0,0,0.00,0,0,0%,0,0,0,0,0,0,0,0,0,0,,,,,,,
103,Luka Racic,0,0,0,0,0,0,0,0%,0,0,0,0,0,0,0,0,0,0,0,0,0,0,0,0,0.00,0,0,0%,0,0,0,0,0,0,0,0,0,0,,,,,,,
104,Sead Kolasinac,79,2,40,23,17,91,112,66%,0,11,76,112,69,0,367,284,266,41,97,80,0,1,11,"3,213",40.67,18,123,20%,3,67,13,0,76,16,0,0,2,1,,,,,,,
105,Robin Koch,18,0,8,7,4,26,29,59%,1,5,30,34,12,0,85,84,60,7,41,30,0,1,0,796,44.22,0,1,0%,0,43,1,0,18,0,0,0,0,0,,,,,,,
106,Odeluga Offiah,0,0,0,0,0,0,0,0%,0,0,0,0,0,0,0,0,0,0,0,0,0,0,0,0,0.00,0,0,0%,0,0,0,0,0,0,0,0,0,0,,,,,,,
107,Mamadou Sakho,128,3,53,45,32,169,146,72%,5,4,200,701,442,3,858,540,356,49,301,229,0,3,2,"5,989",46.79,2,6,33%,2,282,6,1,41,1,1,1,1,3,,,,,,,
108,Yan Couto,0,0,0,0,0,0,0,0%,0,0,0,0,0,0,0,0,0,0,0,0,0,0,0,0,0.00,0,0,0%,0,0,0,0,0,0,0,0,0,0,,,,,,,
109,Nicolas Nkoulou,0,0,0,0,0,0,0,0%,0,0,0,0,0,0,0,0,0,0,0,0,0,0,0,0,0.00,0,0,0%,0,0,0,0,0,0,0,0,0,0,,,,,,,
110,Erik Palmer-Brown,0,0,0,0,0,0,0,0%,0,0,0,0,0,0,0,0,0,0,0,0,0,0,0,0,0.00,0,0,0%,0,0,0,0,0,0,0,0,0,0,,,,,,,
111,Fabián Balbuena,54,3,22,23,12,75,81,54%,1,6,104,305,165,1,240,237,204,4,145,116,0,2,0,"1,817",33.65,1,5,0%,3,129,5,1,37,0,1,2,0,2,,,,,,,
112,Reece Welch,0,0,0,0,0,0,0,0%,0,0,0,0,0,0,0,0,0,0,0,0,0,0,0,0,0.00,0,0,0%,0,0,0,0,0,0,0,0,0,0,,,,,,,
113,Erik Pieters,214,1,68,88,46,275,568,73%,2,12,366,645,324,3,975,"1,209",961,69,335,240,1,4,12,"7,350",34.35,17,474,17%,5,335,35,0,326,6,0,0,1,0,,,,,,,
114,Trevoh Chalobah,4,2,3,0,2,1,9,67%,0,0,4,11,3,0,8,21,7,6,6,2,0,0,0,198,49.50,0,1,0%,1,17,0,0,3,0,1,1,0,0,,,,,,,
115,Jaroslaw Jach,0,0,0,0,0,0,0,0%,0,0,0,0,0,0,0,0,0,0,0,0,0,0,0,0,0.00,0,0,0%,0,0,0,0,0,0,0,0,0,0,,,,,,,
116,Jeremy Ngakia,9,0,2,6,0,10,21,43%,0,0,10,24,9,0,23,47,51,14,10,18,0,0,0,178,19.78,0,15,7%,1,9,0,0,5,1,0,0,0,0,,,,,,,
117,Ryan Astley,0,0,0,0,0,0,0,0%,0,0,0,0,0,0,0,0,0,0,0,0,0,0,0,0,0.00,0,0,0%,0,0,0,0,0,0,0,0,0,0,,,,,,,
118,Frankie Ealing,0,0,0,0,0,0,0,0%,0,0,0,0,0,0,0,0,0,0,0,0,0,0,0,0,0.00,0,0,0%,0,0,0,0,0,0,0,0,0,0,,,,,,,
119,Joel Matip,101,5,65,8,35,80,156,69%,1,14,140,399,229,2,493,501,241,21,278,120,0,2,2,"6,232",61.70,5,6,0%,8,289,11,0,64,1,4,1,0,5,,,,,,,
120,Luke Ayling,43,1,18,17,11,66,119,55%,0,11,39,83,43,1,310,295,195,47,73,76,0,0,0,"2,757",64.12,5,90,17%,4,200,7,0,29,2,0,1,0,0,,,,,,,
121,Takehiro Tomiyasu,4,0,3,0,2,1,3,33%,0,1,4,12,4,0,22,20,11,1,15,5,0,0,0,160,40.00,0,3,33%,0,7,0,0,4,0,0,0,0,0,,,,,,,
122,Antef Tsoungui,0,0,0,0,0,0,0,0%,0,0,0,0,0,0,0,0,0,0,0,0,0,0,0,0,0.00,0,0,0%,0,0,0,0,0,0,0,0,0,0,,,,,,,
123,Ethan Ampadu,26,0,5,20,2,42,58,64%,0,1,49,85,36,0,114,149,88,13,53,31,1,1,0,"1,025",39.42,2,19,32%,0,57,3,0,25,1,0,0,0,0,,,,,,,
124,Kieran Tierney,49,2,22,18,11,53,53,66%,0,9,26,104,44,0,199,148,154,29,29,65,0,0,4,"1,838",37.51,6,198,20%,0,73,6,0,24,0,0,1,1,0,,,,,,,
125,Christian Marques,0,0,0,0,0,0,0,0%,0,0,0,0,0,0,0,0,0,0,0,0,0,0,0,0,0.00,0,0,0%,0,0,0,0,0,0,0,0,0,0,,,,,,,
126,Adam Webster,64,4,17,23,15,82,70,54%,1,6,98,197,103,0,338,330,208,34,196,120,1,1,1,"4,009",62.64,2,11,27%,2,224,9,0,40,1,3,1,0,3,,,,,,,
127,Toby Alderweireld,200,9,112,49,69,182,261,73%,2,31,192,"1,090",527,5,937,639,505,29,325,302,3,1,4,"11,394",56.97,6,58,29%,24,"1,188",22,0,83,3,6,2,1,4,,,,,,,
128,Josh Knight,0,0,0,0,0,0,0,0%,0,0,0,0,0,0,0,0,0,0,0,0,0,0,0,0,0.00,0,0,0%,0,0,0,0,0,0,0,0,0,0,,,,,,,
129,Matthew Pollock,0,0,0,0,0,0,0,0%,0,0,0,0,0,0,0,0,0,0,0,0,0,0,0,0,0.00,0,0,0%,0,0,0,0,0,0,0,0,0,0,,,,,,,
130,Rayan Aït-Nouri,22,1,5,11,3,23,29,55%,0,6,15,18,8,0,87,81,99,28,5,23,0,0,1,630,28.64,1,61,20%,0,16,1,0,15,1,0,0,1,0,,,,,,,
131,Michael Keane,193,9,71,76,51,254,191,64%,3,19,314,"1,154",755,2,798,"1,069",672,26,811,472,1,2,6,"8,137",42.16,10,13,23%,3,629,17,0,99,5,6,2,1,3,,,,,,,
132,Frédéric Guilbert,25,0,7,13,2,36,74,58%,0,2,49,62,26,0,104,164,172,23,48,68,0,0,2,749,29.96,1,91,16%,0,40,7,0,36,2,0,0,0,0,,,,,,,
133,Malachi Fagan-Walcott,0,0,0,0,0,0,0,0%,0,0,0,0,0,0,0,0,0,0,0,0,0,0,0,0,0.00,0,0,0%,0,0,0,0,0,0,0,0,0,0,,,,,,,
134,Cédric Soares,138,2,46,54,30,168,298,71%,1,19,163,341,145,3,634,546,518,55,131,219,0,6,12,"4,924",35.68,17,569,25%,4,292,20,0,88,9,0,1,1,1,,,,,,,
135,Antonio Rüdiger,106,7,61,24,43,94,131,63%,0,19,96,323,175,2,664,452,349,19,255,178,2,1,1,"7,680",72.45,6,24,17%,16,462,16,0,95,4,5,1,1,1,,,,,,,
136,Trent Alexander-Arnold,134,8,94,17,43,110,222,63%,1,52,168,233,83,1,830,382,445,88,44,98,0,2,35,"7,911",59.04,50,"1,041",23%,23,563,13,0,71,17,0,8,0,5,,,,,,,
137,Jake Walker,0,0,0,0,0,0,0,0%,0,0,0,0,0,0,0,0,0,0,0,0,0,0,0,0,0.00,0,0,0%,0,0,0,0,0,0,0,0,0,0,,,,,,,
138,Philippe Sandler,0,0,0,0,0,0,0,0%,0,0,0,0,0,0,0,0,0,0,0,0,0,0,0,0,0.00,0,0,0%,0,0,0,0,0,0,0,0,0,0,,,,,,,
139,Taylor Harwood-Bellis,0,0,0,0,0,0,0,0%,0,0,0,0,0,0,0,0,0,0,0,0,0,0,0,0,0.00,0,0,0%,0,0,0,0,0,0,0,0,0,0,,,,,,,
140,Harry Clarke,0,0,0,0,0,0,0,0%,0,0,0,0,0,0,0,0,0,0,0,0,0,0,0,0,0.00,0,0,0%,0,0,0,0,0,0,0,0,0,0,,,,,,,
141,William Saliba,0,0,0,0,0,0,0,0%,0,0,0,0,0,0,0,0,0,0,0,0,0,0,0,0,0.00,0,0,0%,0,0,0,0,0,0,0,0,0,0,,,,,,,
142,Richard Nartey,0,0,0,0,0,0,0,0%,0,0,0,0,0,0,0,0,0,0,0,0,0,0,0,0,0.00,0,0,0%,0,0,0,0,0,0,0,0,0,0,,,,,,,
143,Finley Stevens,0,0,0,0,,,0,0%,,0,0,0,0,,0,0,0,0,0,0,,0,0,0,0.00,0,0,0%,0,0,0,0,0,0,0,0,0,0,0,0,0,0,0%,0,0
144,David Luiz,213,14,120,45,67,191,252,74%,5,64,360,881,472,2,"1,106",900,711,83,379,270,1,4,7,"11,161",52.40,23,76,25%,82,"1,051",41,4,227,6,7,6,1,6,,,,,,,
145,Nélson Semedo,40,1,13,18,9,50,101,56%,1,8,44,86,49,0,210,254,208,68,46,51,1,1,1,"1,809",45.23,0,84,20%,1,59,5,0,49,3,0,1,0,0,,,,,,,
146,Ben Chilwell,127,8,54,43,33,141,199,61%,1,18,143,308,174,1,653,776,649,127,299,224,0,1,14,"6,048",47.62,14,480,18%,8,188,13,1,107,16,0,2,6,1,,,,,,,
147,Jan Bednarek,104,3,33,47,21,163,157,57%,2,3,245,535,264,3,540,510,360,9,317,181,2,3,3,"4,765",45.82,3,2,0%,3,224,17,1,89,0,1,1,1,0,,,,,,,
148,Malang Sarr,0,0,0,0,0,0,0,0%,0,0,0,0,0,0,0,0,0,0,0,0,0,0,0,0,0.00,0,0,0%,0,0,0,0,0,0,0,0,0,0,,,,,,,
149,Winston Reid,166,6,52,71,40,237,242,79%,5,14,348,"1,301",671,2,660,801,508,16,377,232,2,0,3,"4,877",29.38,3,15,20%,3,470,38,1,170,4,4,1,1,2,,,,,,,
150,Kyle Walker-Peters,57,0,25,18,15,67,124,65%,1,12,69,87,46,0,317,337,268,94,32,74,0,1,7,"2,326",40.81,7,80,16%,0,61,8,0,50,10,0,0,0,1,,,,,,,
151,César Azpilicueta,304,9,176,61,109,299,797,71%,2,30,510,867,457,5,"1,524","1,571","1,111",80,544,429,3,0,35,"17,898",58.88,37,626,21%,28,685,28,2,279,15,2,7,0,2,,,,,,,
152,Eric Bailly,66,1,42,10,24,52,97,69%,1,4,115,262,110,0,354,266,150,27,99,59,1,1,0,"2,244",34.00,0,2,0%,1,120,9,1,55,0,0,1,0,1,,,,,,,
153,Junior Firpo,6,0,1,3,1,12,13,38%,0,1,5,5,3,0,25,25,19,3,4,4,1,0,0,236,39.33,0,8,25%,0,6,1,0,11,0,0,0,0,0,,,,,,,
154,Bali Mumba,1,0,0,1,0,3,1,100%,0,0,0,5,2,0,2,1,2,0,0,1,0,0,0,9,9.00,0,0,0%,1,0,0,0,0,0,0,0,0,0,,,,,,,
155,Max Aarons,43,0,4,32,6,87,61,67%,0,8,44,90,38,3,217,206,213,59,26,64,0,0,1,"1,583",36.81,8,86,24%,2,47,9,0,35,3,0,0,0,0,,,,,,,
156,Joachim Andersen,38,1,6,16,11,44,38,63%,1,2,57,165,90,1,210,175,115,12,110,53,0,2,1,"2,397",63.08,0,15,13%,0,229,9,1,41,1,0,1,0,1,,,,,,,
157,Mohammed Salisu,19,0,3,10,1,29,52,54%,0,1,30,55,24,1,101,106,77,12,36,34,0,0,0,718,37.79,0,2,0%,0,22,3,0,21,0,0,0,0,0,,,,,,,
158,Lewis Gordon,0,0,0,0,0,0,0,0%,0,0,0,0,0,0,0,0,0,0,0,0,0,0,0,0,0.00,0,0,0%,0,0,0,0,0,0,0,0,0,0,,,,,,,
159,Julian Jeanvier,0,0,0,0,0,0,0,0%,0,0,0,0,0,0,0,0,0,0,0,0,0,0,0,0,0.00,0,0,0%,0,0,0,0,0,0,0,0,0,0,,,,,,,
160,Dominic Thompson,0,0,0,0,0,0,0,0%,0,0,0,0,0,0,0,0,0,0,0,0,0,0,0,0,0.00,0,0,0%,0,0,0,0,0,0,0,0,0,0,,,,,,,
161,Ozan Kabak,12,0,4,5,3,13,19,53%,1,0,16,39,18,0,70,66,56,10,31,28,0,1,0,720,60.00,0,0,0%,0,19,4,0,16,1,0,0,0,0,,,,,,,
162,Hugo Bueno,0,0,0,0,0,0,0,0%,0,0,0,0,0,0,0,0,0,0,0,0,0,0,0,0,0.00,0,0,0%,0,0,0,0,0,0,0,0,0,0,,,,,,,
163,Scott Dann,241,16,78,104,49,331,297,60%,5,31,359,"1,585",683,6,855,"1,071",738,50,652,468,5,6,11,"7,013",29.10,11,24,29%,4,700,35,0,151,10,10,4,2,6,,,,,,,
164,Jonny Evans,326,13,160,95,92,329,483,71%,3,22,632,"1,940",834,4,"1,780","1,559",889,94,737,436,6,5,11,"15,117",46.37,6,59,34%,10,"1,113",51,3,257,4,9,4,0,2,,,,,,,
165,Ben Mee,202,7,59,94,56,285,277,58%,5,15,312,"1,250",743,10,"1,114","1,181",743,40,743,480,4,6,4,"7,434",36.80,9,71,15%,1,763,40,0,136,8,6,1,0,6,,,,,,,
166,Dimitris Giannoulis,4,0,0,3,1,5,7,43%,0,1,1,9,6,0,20,24,10,12,1,2,0,0,0,122,30.50,0,8,0%,0,4,0,0,1,0,0,0,0,0,,,,,,,
167,Ezri Konsa,68,3,25,30,19,94,49,51%,0,7,60,248,118,0,280,322,184,15,167,116,0,2,2,"2,312",34.00,2,17,35%,0,124,6,0,40,2,1,2,0,1,,,,,,,
168,Reece Hannam,0,0,0,0,0,0,0,0%,0,0,0,0,0,0,0,0,0,0,0,0,0,0,0,0,0.00,0,0,0%,0,0,0,0,0,0,0,0,0,0,,,,,,,
169,Adam Masina,43,1,13,23,6,56,73,59%,0,4,46,111,63,2,170,211,160,18,100,51,0,0,1,"1,273",29.60,2,105,19%,1,84,8,0,46,3,0,0,1,1,,,,,,,
170,Aaron Wan-Bissaka,118,2,56,31,39,131,389,65%,1,8,236,293,136,2,646,737,458,173,120,124,0,0,11,"5,203",44.09,11,252,19%,3,108,16,1,81,4,0,2,0,0,,,,,,,
171,Ricardo Pereira,83,5,37,33,23,99,278,58%,3,16,131,205,105,1,455,644,564,147,124,141,0,0,11,"3,754",45.23,17,183,16%,8,114,12,0,106,2,0,3,2,1,,,,,,,
172,Kurt Zouma,168,9,72,57,44,191,178,69%,5,19,253,752,411,1,678,797,396,52,505,204,1,2,4,"7,557",44.98,2,21,10%,0,479,14,1,105,6,8,1,0,4,,,,,,,
173,Declan Rice,138,5,52,52,27,185,322,59%,0,23,229,219,105,5,955,657,488,116,191,149,0,1,6,"5,766",41.78,5,72,29%,5,367,16,0,96,5,1,4,0,6,,,,,,,
174,Timothy Eyoma,0,0,0,0,0,0,0,0%,0,0,0,0,0,0,0,0,0,0,0,0,0,0,0,0,0.00,0,0,0%,0,0,0,0,0,0,0,0,0,0,,,,,,,
175,Virgil van Dijk,169,14,103,31,65,159,191,71%,5,30,287,956,544,2,888,"1,129",418,43,810,285,0,3,4,"11,262",66.64,14,3,33%,14,788,9,1,93,5,11,0,3,12,,,,,,,
176,Javier Manquillo,107,2,29,51,20,127,197,65%,0,3,110,243,102,0,356,418,343,50,106,97,0,0,6,"2,549",23.82,4,190,15%,1,87,17,0,82,11,0,2,0,0,,,,,,,
177,Baba Rahman,15,0,6,6,2,13,47,83%,0,1,23,32,13,1,76,67,65,8,8,13,0,1,1,526,35.07,0,31,16%,0,18,1,0,14,2,0,0,0,0,,,,,,,
178,Axel Tuanzebe,23,0,10,6,2,19,26,62%,0,2,19,32,18,0,75,60,61,1,22,29,1,1,0,672,29.22,0,2,0%,0,29,2,0,16,0,0,0,0,0,,,,,,,
179,Haydon Roberts,0,0,0,0,0,0,0,0%,0,0,0,0,0,0,0,0,0,0,0,0,0,0,0,0,0.00,0,0,0%,0,0,0,0,0,0,0,0,0,0,,,,,,,
180,Sam Byram,44,0,12,22,7,60,78,63%,0,9,89,144,79,0,168,197,180,12,82,72,0,0,1,"1,250",28.41,1,54,19%,1,42,13,1,48,6,0,0,0,1,,,,,,,
181,Pontus Jansson,7,0,3,1,2,6,8,75%,1,0,10,31,9,0,22,26,18,0,17,13,0,0,1,225,32.14,1,0,0%,1,6,1,0,1,1,0,0,0,1,,,,,,,
182,Gabriel Magalhães,27,2,14,9,9,25,31,61%,2,5,26,93,53,1,133,130,88,5,67,48,0,1,0,"1,747",64.70,0,2,50%,1,55,2,1,26,0,1,0,0,1,,,,,,,
183,Arthur Masuaku,92,0,33,35,16,115,216,59%,0,6,110,155,74,0,514,563,491,205,81,84,0,1,8,"3,010",32.72,9,233,18%,4,139,14,1,82,3,0,0,0,0,,,,,,,
184,Reece James,60,2,32,16,14,52,95,64%,0,21,41,67,42,0,262,277,237,64,77,71,0,0,6,"2,807",46.78,11,265,24%,0,118,4,1,55,3,0,2,0,2,,,,,,,
185,Ben Godfrey,65,0,20,33,14,102,82,62%,0,6,58,272,149,1,314,258,154,17,131,82,2,0,2,"2,988",45.97,2,13,31%,2,137,8,1,33,4,0,0,0,2,,,,,,,
186,Konstantinos Tsimikas,6,0,4,1,2,0,9,56%,0,2,3,12,3,0,16,19,29,3,4,5,0,0,1,127,21.17,1,38,29%,0,3,1,0,13,0,0,0,0,0,,,,,,,
187,James Morris,0,0,0,0,0,0,0,0%,0,0,0,0,0,0,0,0,0,0,0,0,0,0,0,0,0.00,0,0,0%,0,0,0,0,0,0,0,0,0,0,,,,,,,
188,Oliver Casey,0,0,0,0,0,0,0,0%,0,0,0,0,0,0,0,0,0,0,0,0,0,0,0,0,0,0,0,0%,0,0,0,0,0,0,0,0,0,0,,,,,,,
189,Kayne Ramsay,2,0,0,2,0,12,5,40%,0,0,0,10,4,0,8,7,2,0,2,1,0,0,0,33,16.50,0,0,0%,0,0,1,0,1,0,0,0,0,0,,,,,,,
190,Thierry Small,0,0,0,0,0,0,0,0%,0,0,0,0,0,0,0,0,0,0,0,0,0,0,0,0,0.00,0,0,0%,0,0,0,0,0,0,0,0,0,0,,,,,,,
191,Kevin Long,42,1,9,18,8,55,72,67%,0,6,40,234,126,0,167,263,187,3,155,123,1,1,3,"1,285",30.60,4,3,0%,0,125,3,0,35,1,1,0,0,1,,,,,,,
192,Grant Hanley,53,1,11,34,6,99,86,69%,2,7,105,319,120,0,146,231,150,4,107,77,2,1,0,"1,583",29.87,0,1,0%,0,86,12,0,53,0,1,0,0,0,,,,,,,
193,Filip Benkovic,0,0,0,0,0,0,0,0%,0,0,0,0,0,0,0,0,0,0,0,0,0,0,0,0,0.00,0,0,0%,0,0,0,0,0,0,0,0,0,0,,,,,,,
194,Matthew Cash,35,1,16,15,12,44,88,58%,0,6,71,94,52,2,167,182,161,19,48,52,0,0,2,"1,246",35.60,3,102,25%,0,74,8,1,43,2,0,0,1,0,,,,,,,
195,Matt Doherty,93,8,42,26,22,87,154,58%,1,18,125,170,119,1,387,587,461,54,327,226,1,0,10,"3,572",38.41,12,138,21%,4,122,8,1,78,6,3,1,4,2,,,,,,,
196,Kiko Femenía,83,2,23,41,10,123,155,63%,0,6,107,144,60,0,396,298,227,58,36,45,0,0,3,"2,752",33.16,7,198,25%,1,99,9,0,47,6,0,2,0,0,,,,,,,
197,Vladimir Coufal,41,0,21,11,10,53,88,50%,0,4,46,105,58,0,206,205,159,20,60,55,0,0,8,"1,583",38.61,12,171,23%,0,43,3,0,38,0,0,0,0,2,,,,,,,
198,Derek Agyakwa,0,0,0,0,0,0,0,0%,0,0,0,0,0,0,0,0,0,0,0,0,0,0,0,0,0.00,0,0,0%,0,0,0,0,0,0,0,0,0,0,,,,,,,
199,Tyrick Mitchell,30,1,8,14,6,47,93,52%,1,0,34,62,16,0,139,137,104,17,15,24,0,0,1,"1,002",33.40,0,40,28%,0,39,2,0,12,0,0,0,0,0,,,,,,,
200,Niels Nkounkou,2,0,0,2,0,1,4,75%,0,0,0,4,2,0,3,6,9,2,0,0,0,0,0,28,14.00,0,4,25%,0,1,1,0,1,0,0,0,0,0,,,,,,,
201,Philip Heise,0,0,0,0,0,0,0,0%,0,0,0,0,0,0,0,0,0,0,0,0,0,0,0,0,0.00,0,0,0%,0,0,0,0,0,0,0,0,0,0,,,,,,,
202,Rúben Dias,39,1,27,5,20,24,32,59%,0,2,38,106,55,0,161,135,97,6,76,48,1,0,1,"3,261",83.62,1,4,50%,2,138,6,0,27,1,1,0,0,0,,,,,,,
203,Japhet Tanganga,17,0,6,8,6,18,26,62%,0,1,19,58,39,1,67,94,95,16,37,31,0,1,0,532,31.29,1,15,20%,1,15,4,1,29,1,0,0,0,0,,,,,,,
204,Marc Guéhi,7,0,1,2,2,11,10,50%,0,1,3,22,7,0,34,26,13,1,12,9,0,0,0,471,67.29,0,1,0%,0,22,0,0,1,0,0,0,0,0,,,,,,,
205,Matt Miazga,2,0,1,1,1,1,3,100%,0,0,2,9,4,0,5,11,10,0,7,8,0,1,0,90,45.00,0,0,0%,0,3,1,0,1,1,0,0,0,0,,,,,,,
206,Marçal,20,0,9,9,3,15,36,53%,0,2,22,33,21,0,74,71,66,8,19,15,0,0,0,598,29.90,0,44,16%,0,27,4,0,24,0,0,0,0,0,,,,,,,
207,Thiago Silva,28,3,14,9,12,22,27,56%,0,4,42,103,52,2,161,105,58,4,57,30,0,1,0,"2,204",78.71,0,3,0%,0,135,4,1,15,0,3,0,0,0,,,,,,,
208,Xavi Quintillá,0,0,0,0,0,0,0,0%,0,0,0,0,0,0,0,0,0,0,0,0,0,0,0,0,0.00,0,0,0%,0,0,0,0,0,0,0,0,0,0,,,,,,,
209,Tobi Omole,0,0,0,0,0,0,0,0%,0,0,0,0,0,0,0,0,0,0,0,0,0,0,0,0,0.00,0,0,0%,0,0,0,0,0,0,0,0,0,0,,,,,,,
210,Henrik Dalsgaard,0,0,0,0,0,0,0,0%,0,0,0,0,0,0,0,0,0,0,0,0,0,0,0,0,0.00,0,0,0%,0,0,0,0,0,0,0,0,0,0,,,,,,,
211,CJ Egan-Riley,0,0,0,0,0,0,0,0%,0,0,0,0,0,0,0,0,0,0,0,0,0,0,0,0,0.00,0,0,0%,0,0,0,0,0,0,0,0,0,0,,,,,,,
212,Billy Koumetio,0,0,0,0,0,0,0,0%,0,0,0,0,0,0,0,0,0,0,0,0,0,0,0,0,0.00,0,0,0%,0,0,0,0,0,0,0,0,0,0,,,,,,,
213,Zanka,65,3,12,37,13,99,106,64%,0,4,148,329,148,1,325,258,273,6,124,138,0,1,3,"2,777",42.72,2,4,25%,2,177,13,0,82,2,1,1,1,0,,,,,,,
214,Fikayo Tomori,17,1,9,5,4,21,32,53%,1,1,24,53,26,0,102,81,49,9,34,29,0,0,0,"1,193",70.18,0,4,25%,3,43,3,0,8,1,0,1,0,0,,,,,,,
215,Séamus Coleman,303,20,126,87,83,298,523,77%,8,53,315,574,302,1,"1,401","1,402","1,229",386,205,233,4,3,24,"9,599",31.68,38,781,21%,12,377,30,2,207,30,7,8,6,7,,,,,,,
216,Leo Fuhr Hjelde,0,0,0,0,0,0,0,0%,0,0,0,0,0,0,0,0,0,0,0,0,0,0,0,0,0.00,0,0,0%,0,0,0,0,0,0,0,0,0,0,,,,,,,
217,Jamaal Lascelles,130,8,36,59,31,161,105,54%,6,7,139,736,410,5,619,564,321,17,393,199,0,4,1,"4,364",33.57,2,8,0%,2,281,20,1,86,3,8,0,0,1,,,,,,,
218,Mason Barrett,0,0,0,0,0,0,0,0%,0,0,0,0,0,0,0,0,0,0,0,0,0,0,0,0,0.00,0,0,0%,0,0,0,0,0,0,0,0,0,0,,,,,,,
219,Yan Valery,37,2,12,17,3,53,67,69%,0,2,37,91,33,0,128,184,219,38,64,74,0,3,1,666,18.00,2,70,16%,1,21,4,1,35,5,0,1,1,0,,,,,,,
220,Joël Veltman,33,1,8,12,9,30,82,52%,0,3,39,67,29,0,162,199,144,23,49,42,0,0,2,"1,426",43.21,3,77,29%,2,79,6,0,43,0,0,0,1,0,,,,,,,
221,Romaric Yapi,0,0,0,0,0,0,0,0%,0,0,0,0,0,0,0,0,0,0,0,0,0,0,0,0,0.00,0,0,0%,0,0,0,0,0,0,0,0,0,0,,,,,,,
222,Kane O'Connor,0,0,0,0,0,0,0,0%,0,0,0,0,0,0,0,0,0,0,0,0,0,0,0,0,0.00,0,0,0%,0,0,0,0,0,0,0,0,0,0,,,,,,,
223,Victor Lindelöf,115,3,58,22,33,120,111,59%,1,5,96,408,201,0,620,425,268,18,259,158,2,2,3,"6,417",55.80,6,5,0%,5,243,8,0,76,1,1,1,1,0,,,,,,,
224,Willy Boly,79,5,31,27,25,85,175,60%,1,10,143,358,219,0,418,508,259,26,280,119,0,0,2,"3,735",47.28,6,2,0%,2,163,5,2,68,4,3,1,0,1,,,,,,,
225,Andreas Christensen,79,0,40,20,23,80,87,52%,1,4,103,255,136,1,416,330,190,19,194,125,0,2,0,"4,621",58.49,2,0,0%,4,189,9,1,47,1,0,0,0,2,,,,,,,
226,Joseph Anderson,0,0,0,0,0,0,0,0%,0,0,0,0,0,0,0,0,0,0,0,0,0,0,0,0,0.00,0,0,0%,0,0,0,0,0,0,0,0,0,0,,,,,,,
227,Brooklyn Lyons-Foster,0,0,0,0,0,0,0,0%,0,0,0,0,0,0,0,0,0,0,0,0,0,0,0,0,0.00,0,0,0%,0,0,0,0,0,0,0,0,0,0,,,,,,,
228,Lucas Digne,107,4,43,38,30,137,218,63%,1,37,140,273,132,0,545,668,462,59,310,150,3,0,18,"4,357",40.72,33,811,26%,2,170,15,2,125,9,0,0,4,8,,,,,,,
229,Jonjoe Kenny,36,0,14,17,6,47,67,78%,0,2,47,109,57,0,138,145,122,11,62,43,0,0,2,"1,089",30.25,3,73,23%,0,71,3,0,28,1,0,0,0,1,,,,,,,
230,Tyrone Mings,92,4,31,44,23,128,64,67%,2,7,99,436,197,5,504,328,202,26,200,114,3,4,5,"3,873",42.10,2,18,28%,0,304,14,1,57,5,1,0,3,0,,,,,,,
231,Calum Chambers,151,6,53,61,30,187,269,70%,1,25,257,582,324,1,791,744,664,97,323,259,1,1,5,"6,496",43.02,10,246,18%,6,320,28,1,146,2,1,4,1,1,,,,,,,
232,James Tarkowski,166,7,58,71,46,215,278,60%,2,14,221,884,521,8,666,"1,175",592,47,735,318,0,2,3,"5,326",32.08,8,21,24%,0,514,33,0,153,16,3,1,2,2,,,,,,,
233,Joel Ward,232,4,73,109,53,327,536,78%,1,27,413,890,507,4,"1,162","1,353",941,117,458,297,1,3,6,"7,546",32.53,11,449,17%,3,402,34,0,236,5,2,1,1,3,,,,,,,
234,Kaine Hayden,0,0,0,0,0,0,0,0%,0,0,0,0,0,0,0,0,0,0,0,0,0,0,0,0,0.00,0,0,0%,0,0,0,0,0,0,0,0,0,0,,,,,,,
235,Danny Rose,198,9,95,59,42,195,456,77%,5,39,318,437,234,3,966,"1,245",878,209,202,164,0,5,17,"7,496",37.86,22,627,18%,11,347,51,2,251,9,1,1,7,3,,,,,,,
236,Allan Tchaptchet,1,0,0,1,0,3,0,0%,0,0,0,0,0,0,0,1,0,0,1,0,0,0,0,1,1.00,0,0,0%,0,0,0,0,0,0,0,0,0,0,,,,,,,
237,Timm Klose,17,1,2,13,2,26,22,59%,0,2,31,129,82,0,71,92,60,4,57,37,1,0,0,650,38.24,0,0,0%,0,44,3,0,14,0,1,0,0,0,,,,,,,
238,Joe Rodon,13,0,6,4,2,15,14,64%,1,0,21,42,21,0,39,45,18,0,23,15,0,1,0,451,34.69,0,0,0%,0,18,0,0,2,1,0,0,0,0,,,,,,,
239,Sam Woods,0,0,0,0,0,0,0,0%,0,0,0,0,0,0,0,0,0,0,0,0,0,0,0,0,0.00,0,0,0%,0,0,0,0,0,0,0,0,0,0,,,,,,,
240,Yerson Mosquera,0,0,0,0,0,0,0,0%,0,0,0,0,0,0,0,0,0,0,0,0,0,0,0,0,0.00,0,0,0%,0,0,0,0,0,0,0,0,0,0,,,,,,,
241,Ryan Bertrand,262,7,92,109,67,351,401,66%,2,34,362,434,207,4,990,"1,115","1,016",106,353,373,0,1,16,"10,013",38.22,30,904,21%,9,332,36,2,241,13,1,2,4,3,,,,,,,
242,Dan Burn,73,1,19,28,16,89,131,58%,0,8,85,276,182,2,290,443,315,31,263,113,1,0,0,"2,970",40.68,3,88,19%,3,93,10,0,76,7,0,1,0,1,,,,,,,
243,Gaetano Berardi,2,0,2,0,0,0,2,100%,0,1,1,2,2,0,7,6,4,0,4,3,0,0,0,55,27.50,0,1,0%,0,2,0,0,1,0,0,0,0,0,,,,,,,
244,Vontae Daley-Campbell,0,0,0,0,0,0,0,0%,0,0,0,0,0,0,0,0,0,0,0,0,0,0,0,0,0.00,0,0,0%,0,0,0,0,0,0,0,0,0,0,,,,,,,
245,Martin Kelly,154,0,55,63,29,180,336,74%,1,8,153,641,312,1,510,647,518,32,240,192,2,6,5,"3,823",24.82,2,210,17%,2,202,14,0,117,1,0,0,0,2,,,,,,,
246,Ed Turns,0,0,0,0,0,0,0,0%,0,0,0,0,0,0,0,0,0,0,0,0,0,0,0,0,0.00,0,0,0%,0,0,0,0,0,0,0,0,0,0,,,,,,,
247,William Troost-Ekong,7,0,2,4,0,10,5,60%,2,0,3,38,15,0,28,15,16,1,8,10,0,0,0,346,49.43,0,0,0%,0,44,1,0,5,0,0,0,0,0,,,,,,,
248,James Justin,36,2,19,10,13,39,97,56%,0,4,41,68,46,0,167,228,178,26,48,75,1,0,2,"1,736",48.22,5,96,15%,0,47,5,0,24,4,0,2,0,1,,,,,,,
249,Aymeric Laporte,80,5,66,8,36,43,78,50%,0,12,84,189,113,0,438,301,188,10,176,104,0,0,3,"6,676",83.45,2,11,18%,3,346,8,0,52,4,4,1,0,0,,,,,,,
250,Ki-Jana Hoever,14,0,3,8,0,12,18,44%,0,0,11,24,9,0,50,48,47,15,8,10,0,0,0,328,23.43,0,24,13%,0,12,2,0,7,1,0,0,0,0,,,,,,,
251,Achraf Lazaar,0,0,0,0,0,0,0,0%,0,0,0,0,0,0,0,0,0,0,0,0,0,0,0,0,0.00,0,0,0%,0,0,0,0,0,0,0,0,0,0,,,,,,,
252,Emil Krafth,35,1,11,15,4,54,38,53%,0,4,25,91,50,0,105,94,80,7,35,31,0,1,1,815,23.29,2,38,11%,0,29,4,0,16,1,1,0,0,0,,,,,,,
253,Nathan Aké,158,13,56,71,34,234,266,63%,3,21,215,783,427,5,668,708,476,29,346,291,0,0,6,"6,460",40.89,9,62,19%,3,274,19,1,108,7,7,1,5,4,,,,,,,
254,Angeliño,6,0,4,2,0,7,5,40%,0,2,9,15,7,0,29,17,15,4,6,7,0,0,0,338,56.33,3,43,21%,0,7,1,0,2,0,0,0,0,1,,,,,,,
255,Liam Cooper,34,1,13,16,7,61,90,67%,0,0,77,107,45,0,199,254,139,6,127,82,0,0,1,"2,146",63.12,0,1,0%,1,132,7,1,29,2,1,0,0,0,,,,,,,
256,Laurens De Bock,0,0,0,0,0,0,0,0%,0,0,0,0,0,0,0,0,0,0,0,0,0,0,0,0,0.00,0,0,0%,0,0,0,0,0,0,0,0,0,0,,,,,,,
257,Rob Holding,71,0,37,22,20,77,94,61%,1,3,74,294,173,1,331,301,257,25,167,130,1,0,1,"3,889",54.77,0,5,60%,1,203,11,0,55,2,0,0,0,1,,,,,,,
258,Jarrad Branthwaite,4,0,1,2,1,6,8,88%,0,0,2,11,7,0,18,20,21,1,9,15,0,0,0,223,55.75,0,0,0%,0,13,0,0,4,0,0,0,0,0,,,,,,,
259,Xavier Mbuyamba,0,0,0,0,0,0,0,0%,0,0,0,0,0,0,0,0,0,0,0,0,0,0,0,0,0.00,0,0,0%,0,0,0,0,0,0,0,0,0,0,,,,,,,
260,Bendeguz Bolla,0,0,0,0,0,0,0,0%,0,0,0,0,0,0,0,0,0,0,0,0,0,0,0,0,0.00,0,0,0%,0,0,0,0,0,0,0,0,0,0,,,,,,,
261,Owen Beck,0,0,0,0,0,0,0,0%,0,0,0,0,0,0,0,0,0,0,0,0,0,0,0,0,0.00,0,0,0%,0,0,0,0,0,0,0,0,0,0,,,,,,,
262,William Fish,1,0,1,0,0,0,0,0%,0,0,0,0,0,0,0,0,0,0,0,0,0,0,0,0,0.00,0,0,0%,0,0,0,0,0,0,0,0,0,0,,,,,,,
263,Ryan Fredericks,57,2,18,27,10,64,129,65%,1,6,48,122,60,2,194,257,194,26,64,62,0,1,4,"1,519",26.65,5,102,25%,1,47,14,0,45,2,0,2,0,0,,,,,,,
264,James Tomkins,271,12,86,120,60,350,451,70%,17,26,447,"2,072",951,4,"1,011","1,458",831,25,835,483,0,7,7,"8,392",30.97,8,51,33%,4,764,47,2,170,7,7,3,2,7,,,,,,,
265,Björn Engels,17,1,3,12,2,32,11,55%,0,0,28,85,42,0,53,71,39,1,55,27,0,1,0,647,38.06,0,2,50%,0,49,1,0,5,1,1,0,0,0,,,,,,,
266,Christian Fuchs,116,2,54,35,32,136,273,74%,1,18,264,395,216,2,657,555,460,32,221,166,1,1,9,"4,575",39.44,11,336,23%,5,300,19,0,93,2,0,1,1,1,,,,,,,
267,Shane Duffy,103,7,28,42,21,132,94,57%,1,12,125,701,491,8,391,641,310,15,494,207,0,1,2,"3,772",36.62,2,7,71%,0,314,16,1,77,12,4,2,1,3,,,,,,,
268,Mads Roerslev,2,0,1,1,0,1,4,75%,0,0,0,2,1,0,2,5,2,0,1,0,0,0,0,8,4,0,2,2%,0,1,0,0,0,0,0,0,0,0,,,,,,,
269,Neco Williams,12,0,7,2,0,3,11,73%,0,6,15,7,3,0,32,38,32,11,9,8,0,0,0,324,27.00,0,38,13%,1,14,2,0,8,0,0,0,0,0,,,,,,,
270,Bobby Thomas,,,,,,,,,,,,,,,,,,,,,,,,,,,,,,,,,,,,,,,,,,,,,
271,Niall Huggins,1,0,0,1,0,0,0,0%,0,0,0,1,1,0,3,0,1,0,0,0,0,0,0,17,17.00,0,1,0%,0,0,0,0,0,0,0,0,0,0,,,,,,,
272,Wesley Fofana,28,0,14,10,6,30,51,73%,1,2,61,92,57,0,181,183,130,15,91,61,0,0,0,"1,688",60.29,0,2,0%,1,75,7,0,37,2,0,0,0,1,,,,,,,
273,Luke Shaw,195,2,88,44,54,176,324,72%,3,33,191,504,244,0,900,978,782,198,299,228,1,1,13,"8,543",43.81,24,659,24%,11,206,39,1,192,12,0,0,2,2,,,,,,,
274,Yerry Mina,72,5,32,22,13,79,80,60%,1,9,69,280,167,0,283,350,206,7,235,134,1,2,1,"3,279",45.54,2,5,0%,1,210,9,0,56,4,4,1,0,0,,,,,,,
275,Anthony Driscoll-Glennon,0,0,0,0,0,0,0,0%,0,0,0,0,0,0,0,0,0,0,0,0,0,0,0,0,0.00,0,0,0%,0,0,0,0,0,0,0,0,0,0,,,,,,,
276,Cameron Carter-Vickers,0,0,0,0,0,0,0,0%,0,0,0,0,0,0,0,0,0,0,0,0,0,0,0,0,0.00,0,0,0%,0,0,0,0,0,0,0,0,0,0,,,,,,,
277,Bernardo,39,0,9,19,2,49,99,68%,0,7,41,87,50,1,176,230,126,22,82,45,0,0,1,"1,189",30.49,3,53,19%,0,37,5,0,21,6,0,0,0,0,,,,,,,
278,Daniel Amartey,61,2,25,24,9,70,81,62%,0,4,65,105,61,0,333,193,192,12,81,73,0,0,1,"2,164",35.48,0,7,14%,0,98,8,1,45,1,2,0,0,0,,,,,,,
