,Name,Appearances,Goals,Wins,Losses,Goals per match,Headed goals,Goals with right foot,Goals with left foot,Penalties scored,Freekicks scored,Shots,Shots on target,Shooting accuracy %,Hit woodwork,Big chances missed,Assists,Passes,Passes per match,Big Chances Created,Crosses,Cross accuracy %,Through balls,Accurate long balls,Yellow cards,Red cards,Fouls,Offsides,Tackles,Tackle success %,Blocked shots,Interceptions,Clearances,Headed Clearance,Recoveries,Duels won,Duels lost,Successful 50/50s,Aerial battles won,Aerial battles lost,Errors leading to goal
0,Juan Mata,271,52,143,62,0.19,2,7,43,3,8,367,137,37%,11,29,54,"11,665",43.04,69,"1,112",24%,91,647,19,1,135,104,197,71%,100,135,66,6,"1,109",624,907,175,23,70,1
1,Ethan Galbraith,0,0,0,0,0.00,0,0,0,0,0,0,0,0%,0,0,0,0,0.00,0,0,0%,0,0,0,0,0,0,0,0%,0,0,0,0,0,0,0,0,0,0,0
2,Lukas Rupp,17,0,2,13,0.00,0,0,0,0,0,10,2,20%,0,1,0,383,22.53,1,5,20%,2,7,1,0,14,0,19,63%,3,18,6,3,70,39,71,6,6,17,0
3,Imran Louza,1,0,0,1,0.00,0,0,0,0,0,0,0,0%,0,0,0,14,14.00,0,2,0%,0,0,0,0,0,0,1,0%,0,1,1,1,2,3,2,1,1,1,0
4,Tom Dele-Bashiru,0,0,0,0,0.00,0,0,0,0,0,0,0,0%,0,0,0,0,0.00,0,0,0%,0,0,0,0,0,0,0,0%,0,0,0,0,0,0,0,0,0,0,0
5,Jaden Philogene-Bidace,2,0,2,0,0.00,0,0,0,0,0,0,0,0%,0,0,0,6,3.00,0,0,0%,0,0,0,0,0,1,0,0%,0,0,0,0,1,1,3,0,0,0,0
6,Kgaogelo Chauke,0,0,0,0,0.00,0,0,0,0,0,0,0,0%,0,0,0,0,0.00,0,0,0%,0,0,0,0,0,0,0,0%,0,0,0,0,0,0,0,0,0,0,0
7,Ruben Loftus-Cheek,110,10,40,36,0.09,2,7,1,0,0,115,29,25%,1,11,7,"2,628",23.89,10,25,28%,8,60,4,0,68,9,82,63%,37,51,57,38,379,526,533,174,111,167,0
8,Jairo Riedewald,64,2,17,33,0.03,0,0,2,0,0,12,2,17%,0,1,0,"1,158",18.09,2,12,33%,1,47,4,0,28,0,60,57%,5,59,55,22,176,112,100,25,19,18,0
9,Cole Palmer,1,0,1,0,0.00,0,0,0,0,0,0,0,0%,0,0,0,14,14.00,0,2,0%,0,0,0,0,1,0,1,100%,0,0,0,0,1,1,3,0,0,0,0
10,Romain Saïss,86,7,34,32,0.08,5,1,1,0,0,68,27,40%,2,10,1,"4,168",48.47,5,36,19%,1,320,21,1,104,3,135,70%,9,145,325,179,433,469,335,23,269,166,1
11,Josh Brownhill,50,0,14,22,0.00,0,0,0,0,0,46,8,17%,1,1,1,"1,735",34.70,0,30,27%,1,54,7,0,48,2,69,59%,15,97,64,29,278,224,196,26,90,78,0
12,Mohamed Elneny,70,1,43,17,0.01,0,1,0,0,0,52,8,15%,1,2,3,"3,488",49.83,2,32,13%,4,116,10,1,34,2,72,51%,23,60,61,22,300,144,168,15,26,57,0
13,Milot Rashica,7,0,0,6,0.00,0,0,0,0,0,5,2,40%,0,0,0,85,12.14,0,38,16%,0,5,0,0,4,3,4,25%,1,4,2,1,19,15,29,2,3,9,0
14,Jesse Lingard,152,29,79,35,0.19,2,22,5,2,0,222,93,42%,6,20,14,"4,198",27.62,21,162,15%,31,75,18,0,161,27,142,67%,65,56,34,4,402,413,607,115,19,105,0
15,Phil Foden,72,16,57,9,0.22,1,5,10,0,0,96,44,46%,3,9,8,"1,592",22.11,9,127,22%,11,30,0,0,31,10,45,64%,23,22,14,6,134,204,202,75,28,62,0
16,Pablo Fornals,76,9,31,29,0.12,0,6,3,0,0,97,31,32%,4,10,10,"2,198",28.92,9,118,16%,8,79,7,0,51,14,103,55%,30,66,16,7,353,231,378,47,38,95,0
17,Giovani Lo Celso,50,1,23,13,0.02,0,0,1,0,0,38,10,26%,0,3,3,"1,589",31.78,4,94,18%,9,63,11,0,47,0,83,64%,9,16,22,9,189,213,238,42,22,40,0
18,Tariqe Fosu-Henry,0,0,0,0,0.00,0,0,0,0,0,0,0,0%,0,0,0,0,0.00,0,0,0%,0,0,0,0,0,0,0,0%,0,0,0,0,0,0,0,0,0,0,0
19,Nikola Vlasic,15,0,4,6,0.00,0,0,0,0,0,6,1,17%,0,0,0,235,15.67,2,10,20%,2,2,0,0,9,2,12,50%,2,9,10,5,46,42,55,15,7,15,0
20,Adrián Bernabé,0,0,0,0,0.00,0,0,0,0,0,0,0,0%,0,0,0,0,0.00,0,0,0%,0,0,0,0,0,0,0,0%,0,0,0,0,0,0,0,0,0,0,0
21,Wilfred Ndidi,152,7,67,54,0.05,1,4,2,0,0,171,25,15%,5,4,9,"7,799",51.31,6,33,3%,17,335,27,2,250,5,591,62%,46,325,355,183,"1,291","1,277","1,053",124,463,377,1
22,Alfie Devine,0,0,0,0,0.00,0,0,0,0,0,0,0,0%,0,0,0,0,0.00,0,0,0%,0,0,0,0,0,0,0,0%,0,0,0,0,0,0,0,0,0,0,0
23,Bruno Jordão,1,0,0,1,0.00,0,0,0,0,0,0,0,0%,0,0,0,6,6.00,0,0,0%,0,0,0,0,0,0,0,0%,0,0,0,0,2,0,0,0,0,0,0
24,Alfie McCalmont,0,0,0,0,0.00,0,0,0,0,0,0,0,0%,0,0,0,0,0.00,0,0,0%,0,0,0,0,0,0,0,0%,0,0,0,0,0,0,0,0,0,0,0
25,Lewis Baker,0,0,0,0,0.00,0,0,0,0,0,0,0,0%,0,0,0,0,0.00,0,0,0%,0,0,0,0,0,0,0,0%,0,0,0,0,0,0,0,0,0,0,0
26,Adam Forshaw,35,0,6,16,0.00,0,0,0,0,0,28,6,21%,0,2,1,"1,355",38.71,3,51,20%,8,99,4,0,33,1,62,69%,9,36,23,10,176,133,169,22,17,41,0
27,Emiliano Marcondes,0,0,0,0,0.00,0,0,0,0,0,0,0,0%,0,0,0,0,0.00,0,0,0%,0,0,0,0,0,0,0,0%,0,0,0,0,0,0,0,0,0,0,0
28,Morgan Sanson,9,0,2,4,0.00,0,0,0,0,0,2,0,0%,0,0,0,138,15.33,0,16,6%,0,6,3,0,6,2,7,57%,0,4,1,1,19,24,18,4,5,3,0
29,Marc Albrighton,290,19,108,103,0.07,2,15,2,0,1,242,81,33%,6,14,42,"6,382",22.01,68,"1,727",20%,34,405,35,1,178,21,462,74%,82,279,189,55,"1,380","1,072","1,270",325,81,221,0
30,Kwadwo Baah,0,0,0,0,0.00,0,0,0,0,0,0,0,0%,0,0,0,0,0.00,0,0,0%,0,0,0,0,0,0,0,0%,0,0,0,0,0,0,0,0,0,0,0
31,Jorginho,103,13,57,23,0.13,0,13,0,11,0,45,20,44%,0,2,3,"7,491",72.73,15,15,33%,54,317,20,0,100,0,213,53%,9,176,88,37,724,398,447,48,47,81,1
32,Christian Atsu,80,3,25,32,0.04,0,0,3,0,0,72,28,39%,0,4,6,"1,096",13.70,12,117,19%,8,24,5,0,34,14,52,77%,17,26,41,17,245,217,380,73,32,142,0
33,Ben Cottrell,0,0,0,0,0.00,0,0,0,0,0,0,0,0%,0,0,0,0,0.00,0,0,0%,0,0,0,0,0,0,0,0%,0,0,0,0,0,0,0,0,0,0,0
34,Ethan Fitzhugh,0,0,0,0,0,0,0,0,0,0,0,0,0%,0,0,0,0,0,0,0,0%,0,0,0,0,0,0,0,0%,0,0,0,0,0,0,0,0,0,0,0
35,Kaoru Mitoma,0,0,0,0,0.00,0,0,0,0,0,0,0,0%,0,0,0,0,0.00,0,0,0%,0,0,0,0,0,0,0,0%,0,0,0,0,0,0,0,0,0,0,0
36,Miguel Azeez,0,0,0,0,0.00,0,0,0,0,0,0,0,0%,0,0,0,0,0.00,0,0,0%,0,0,0,0,0,0,0,0%,0,0,0,0,0,0,0,0,0,0,0
37,James Maddison,105,21,49,37,0.2,0,17,4,1,5,237,70,30%,4,11,15,"4,023",38.31,27,536,28%,48,189,11,1,81,12,146,57%,82,32,15,5,403,531,455,132,24,72,0
38,Romeo Lavia,0,0,0,0,0.00,0,0,0,0,0,0,0,0%,0,0,0,0,0.00,0,0,0%,0,0,0,0,0,0,0,0%,0,0,0,0,0,0,0,0,0,0,0
39,Fernandinho,249,18,173,40,0.07,2,14,2,0,0,235,66,28%,3,13,18,"15,852",63.66,27,76,21%,77,695,52,4,346,4,586,69%,55,375,430,278,"1,407","1,431","1,275",194,462,359,0
40,Todd Cantwell,42,6,5,31,0.14,0,5,1,0,0,46,16,35%,0,3,2,"1,179",28.07,1,26,4%,7,35,8,0,35,5,64,66%,13,21,29,6,167,208,217,52,22,42,1
41,Oliver Skipp,22,0,15,3,0.00,0,0,0,0,0,2,0,0%,0,0,0,452,20.55,0,0,0%,1,12,4,0,14,0,24,63%,1,4,10,6,47,51,44,4,14,10,0
42,Xherdan Shaqiri,129,22,53,44,0.17,1,3,18,0,3,198,64,32%,4,10,20,"3,438",26.65,36,577,26%,60,188,14,0,90,30,77,55%,55,45,15,8,480,351,500,127,18,55,0
43,Claudio Gomes,0,0,0,0,0,0,0,0,0,0,0,0,0%,0,0,0,0,0,0,0,0%,0,0,0,0,0,0,0,0%,0,0,0,0,0,0,0,0,0,0,0
44,Bruno Fernandes,58,30,33,7,0.52,1,26,3,13,1,189,76,40%,7,13,20,"3,267",56.33,28,276,23%,30,208,10,0,59,6,86,53%,52,39,46,28,255,224,334,43,22,62,0
45,Enock Mwepu,3,0,3,0,0.00,0,0,0,0,0,1,0,0%,0,0,0,33,11.00,0,2,0%,0,0,1,0,3,0,3,67%,0,2,3,1,2,5,17,0,2,8,0
46,James Balagizi,0,0,0,0,0.00,0,0,0,0,0,0,0,0%,0,0,0,0,0.00,0,0,0%,0,0,0,0,0,0,0,0%,0,0,0,0,0,0,0,0,0,0,0
47,Harry Wilson,31,7,7,19,0.23,0,0,7,0,2,56,20,36%,1,2,0,575,18.55,4,35,11%,6,42,2,0,12,1,23,57%,25,11,11,5,85,87,92,17,6,22,0
48,Oleksandr Zinchenko,63,0,50,11,0.00,0,0,0,0,0,45,10,22%,0,0,3,"4,486",71.21,6,144,18%,3,116,2,1,44,5,113,62%,19,68,67,44,286,241,206,17,98,75,2
49,Gabriel Martinelli,30,5,11,8,0.17,0,4,1,0,0,33,13,39%,0,3,1,274,9.13,3,34,15%,4,6,1,0,19,5,30,63%,5,11,9,6,59,82,151,22,16,58,0
50,Mario Lemina,74,3,13,34,0.04,0,3,0,0,0,67,13,19%,2,0,2,"2,667",36.04,4,23,17%,10,132,12,0,91,3,166,64%,18,109,82,45,376,401,313,104,77,54,1
51,Maurizio Pochettino,0,0,0,0,0.00,0,0,0,0,0,0,0,0%,0,0,0,0,0.00,0,0,0%,0,0,0,0,0,0,0,0%,0,0,0,0,0,0,0,0,0,0,0
52,Jamie Bowden,0,0,0,0,0.00,0,0,0,0,0,0,0,0%,0,0,0,0,0.00,0,0,0%,0,0,0,0,0,0,0,0%,0,0,0,0,0,0,0,0,0,0,0
53,Granit Xhaka,165,9,84,46,0.05,0,0,9,0,3,163,48,29%,2,1,15,"11,938",72.35,14,287,25%,39,790,42,4,242,4,310,64%,46,160,243,147,"1,101",796,742,81,224,209,9
54,James Milner,567,55,286,140,0.10,1,38,8,17,4,509,154,30%,7,14,85,"17,157",30.26,47,"2,303",23%,111,918,70,3,467,45,836,77%,179,458,444,138,"1,847","1,927","2,311",317,365,533,2
55,Micah Hamilton,0,0,0,0,0.00,0,0,0,0,0,0,0,0%,0,0,0,0,0.00,0,0,0%,0,0,0,0,0,0,0,0%,0,0,0,0,0,0,0,0,0,0,0
56,Tanguy Ndombele,57,5,20,22,0.09,0,3,2,0,0,29,12,41%,0,1,4,"1,899",33.32,6,19,21%,13,43,6,0,40,0,70,57%,11,33,17,5,213,299,208,118,18,27,0
57,Kalvin Phillips,35,1,17,10,0.03,0,1,0,0,1,20,5,25%,0,0,2,"1,749",49.97,5,85,36%,3,160,11,0,56,0,88,52%,3,50,54,27,274,184,180,23,35,45,1
58,Kevin De Bruyne,184,43,126,26,0.23,0,32,11,4,3,454,157,35%,24,20,78,"9,691",52.67,118,"1,265",26%,146,504,15,0,148,17,248,67%,131,97,68,35,876,756,898,272,68,117,1
59,Conor Bradley,0,0,0,0,0,0,0,0,0,0,0,0,0%,0,0,0,0,0.00,0,0,0%,0,0,0,0,0,0,0,0%,0,0,0,0,0,0,0,0,0,0,0
60,Harvey Elliott,8,0,5,2,0.00,0,0,0,0,0,8,2,25%,0,0,0,200,25.00,0,11,18%,1,5,0,0,1,0,1,0%,2,3,1,0,26,11,14,2,2,1,0
61,Jack Grealish,103,16,33,52,0.16,0,12,4,0,0,164,56,34%,3,12,17,"3,331",32.34,27,288,23%,4,132,16,0,90,17,85,64%,57,57,23,9,436,683,465,198,55,73,1
62,Paris Maghoma,0,0,0,0,0.00,0,0,0,0,0,0,0,0%,0,0,0,0,0.00,0,0,0%,0,0,0,0,0,0,0,0%,0,0,0,0,0,0,0,0,0,0,0
63,Beni Baningime,8,0,2,2,0.00,0,0,0,0,0,0,0,0%,0,0,0,82,10.25,0,0,0%,0,3,1,0,4,0,6,33%,0,2,1,0,9,9,14,1,1,2,0
64,Thiago,28,1,15,7,0.04,0,1,0,0,0,27,6,22%,0,2,1,"1,875",66.96,4,7,14%,3,131,4,0,49,0,66,59%,15,32,13,8,172,162,145,34,37,31,0
65,Tawanda Maswanhise,0,0,0,0,0.00,0,0,0,0,0,0,0,0%,0,0,0,0,0.00,0,0,0%,0,0,0,0,0,0,0,0%,0,0,0,0,0,0,0,0,0,0,0
66,Crysencio Summerville,2,0,0,1,2,0,0,0,0,0,0,0,0%,0,0,0,14,7,0,1,1%,0,0,0,0,0,0,0,0%,0,0,0,0,0,2,4,2,0,1,0
67,Albert Sambi Lokonga,6,0,3,2,0.00,0,0,0,0,0,6,2,33%,0,0,0,239,39.83,0,2,50%,4,8,2,0,5,0,12,83%,0,7,4,2,23,21,11,1,4,5,0
68,André Gomes,77,1,31,29,0.01,0,1,0,0,0,45,9,20%,0,2,3,"2,972",38.60,4,51,20%,6,241,16,0,124,2,97,64%,12,38,34,21,434,324,474,97,75,59,0
69,Ross Barkley,227,28,99,71,0.12,3,17,8,2,2,449,130,29%,12,28,28,"8,422",37.10,38,383,24%,59,503,18,0,167,24,178,71%,158,81,114,88,826,"1,046","1,141",405,191,190,2
70,Domingos Quina,12,1,4,5,0.08,0,1,0,0,0,6,2,33%,0,0,0,237,19.75,0,2,50%,0,15,0,0,8,0,11,64%,0,3,1,0,34,26,39,6,2,10,0
71,Jensen Weir,0,0,0,0,0,0,0,0,0,0,0,0,0%,0,0,0,0,0,0,0,0%,0,0,0,0,0,0,0,0%,0,0,0,0,0,0,0,0,0,0,0
72,Charlie Whitaker,0,0,0,0,0.00,0,0,0,0,0,0,0,0%,0,0,0,0,0.00,0,0,0%,0,0,0,0,0,0,0,0%,0,0,0,0,0,0,0,0,0,0,0
73,Juraj Kucka,6,0,2,3,0.00,0,0,0,0,0,9,0,0%,0,0,0,147,24.50,0,5,0%,0,10,1,0,14,0,23,52%,4,5,10,5,33,54,47,3,13,13,0
74,Arjan Raikhy,0,0,0,0,0.00,0,0,0,0,0,0,0,0%,0,0,0,0,0.00,0,0,0%,0,0,0,0,0,0,0,0%,0,0,0,0,0,0,0,0,0,0,0
75,Naby Keïta,57,5,46,4,0.09,1,3,1,0,0,51,21,41%,1,4,4,"2,139",37.53,8,16,6%,14,38,2,0,51,1,88,47%,16,31,20,8,238,193,217,55,22,42,0
76,Reda Khadra,1,0,0,1,0.00,0,0,0,0,0,0,0,0%,0,0,0,1,1.00,0,0,0%,0,0,0,0,0,0,0,0%,0,0,0,0,0,0,1,0,0,1,0
77,Frank Onyeka,6,0,3,1,0.00,0,0,0,0,0,6,1,17%,0,0,0,73,12.17,0,2,50%,0,4,1,0,9,0,10,60%,2,4,4,1,21,27,28,4,6,7,0
78,Mark Noble,405,46,143,164,0.11,0,44,2,27,2,334,115,34%,7,4,35,"18,255",45.07,35,964,32%,105,"1,510",82,5,387,28,867,70%,91,579,267,73,"2,382","1,627","1,558",245,102,133,3
79,Stuart McKinstry,0,0,0,0,0.00,0,0,0,0,0,0,0,0%,0,0,0,0,0.00,0,0,0%,0,0,0,0,0,0,0,0%,0,0,0,0,0,0,0,0,0,0,0
80,Maxwell Haygarth,0,0,0,0,0,0,0,0,0,0,0,0,0%,0,0,0,0,0.00,0,0,0%,0,0,0,0,0,0,0,0%,0,0,0,0,0,0,0,0,0,0,0
81,Jan Zamburek,0,0,0,0,0.00,0,0,0,0,0,0,0,0%,0,0,0,0,0.00,0,0,0%,0,0,0,0,0,0,0,0%,0,0,0,0,0,0,0,0,0,0,0
82,Mateusz Klich,40,5,16,17,0.13,0,5,0,2,0,50,19,38%,1,1,6,"1,661",41.52,3,71,18%,3,56,6,0,50,7,45,53%,10,11,16,8,189,96,158,15,16,18,0
83,Jóhann Gudmundsson,125,9,33,61,0.07,2,0,7,0,0,139,46,33%,11,3,18,"2,290",18.32,14,494,30%,4,104,9,0,61,8,118,59%,35,112,110,40,486,396,476,81,115,150,0
84,Ainsley Maitland-Niles,84,1,36,27,0.01,0,1,0,0,0,27,8,30%,1,2,3,"2,551",30.37,5,78,22%,2,99,8,2,51,3,135,59%,7,92,93,40,345,304,331,82,38,62,0
85,Mathias Jensen,3,0,1,1,0.00,0,0,0,0,0,1,0,0%,0,0,0,36,12.00,0,9,33%,0,3,0,0,0,0,2,50%,1,1,2,1,6,3,5,1,0,0,0
86,Allan,31,0,15,10,0.00,0,0,0,0,0,8,3,38%,0,0,1,"1,277",41.19,0,8,25%,1,67,6,0,46,0,101,55%,1,22,38,13,232,177,193,37,5,14,0
87,James Ward-Prowse,276,32,92,109,0.12,0,28,4,9,10,297,129,43%,8,16,29,"9,585",34.73,39,"1,398",25%,18,372,34,2,246,5,341,64%,79,237,307,158,"1,237",788,"1,064",68,229,368,0
88,Caleb Watts,3,0,0,3,0.00,0,0,0,0,0,0,0,0%,0,0,0,12,4.00,0,1,100%,0,0,1,0,0,0,2,50%,0,0,0,0,2,4,5,0,1,3,0
89,Peter Gwargis,0,0,0,0,0.00,0,0,0,0,0,0,0,0%,0,0,0,0,0.00,0,0,0%,0,0,0,0,0,0,0,0%,0,0,0,0,0,0,0,0,0,0,0
90,Peter Etebo,6,0,2,3,6,0,0,0,0,0,3,0,3%,0,0,0,155,25.83,0,2,50%,0,15,3,0,7,0,11,73%,1,5,4,1,30,22,17,6,2,1,0
91,Boubakary Soumaré,5,0,1,2,0.00,0,0,0,0,0,2,1,50%,0,0,0,111,22.20,0,2,0%,0,5,0,0,4,0,3,100%,0,3,2,1,14,14,9,5,3,1,0
92,Rúben Neves,116,11,43,42,0.09,1,10,0,5,2,212,44,21%,3,0,6,"6,345",54.70,11,96,23%,26,683,27,0,118,0,240,50%,78,199,124,53,864,425,460,47,89,93,0
93,Carney Chukwuemeka,3,0,2,0,0.00,0,0,0,0,0,1,0,0%,1,0,0,26,8.67,0,0,0%,0,2,0,0,2,0,3,67%,0,0,0,0,1,8,13,1,3,7,0
94,Gylfi Sigurdsson,318,67,129,121,0.21,3,50,14,12,7,652,238,37%,22,34,50,"8,548",26.88,72,"1,460",26%,97,226,22,0,214,16,376,67%,219,316,179,49,"1,128",927,"1,323",211,93,257,1
95,Jeff Hendrick,146,12,49,66,0.08,1,10,1,0,0,108,27,25%,0,7,6,"3,575",24.49,7,100,21%,10,155,20,2,112,36,100,54%,40,98,107,51,570,386,591,90,107,172,0
96,Moussa Sissoko,264,14,122,93,0.05,1,12,1,0,0,222,72,32%,3,18,24,"9,363",35.47,34,472,22%,60,301,40,2,301,24,305,77%,56,188,204,122,"1,408","1,146","1,487",410,259,359,1
97,Matthew Longstaff,14,2,2,8,0.14,0,2,0,0,0,4,2,50%,1,0,0,394,28.14,1,6,50%,1,13,1,0,9,0,6,50%,1,12,5,3,62,32,43,5,11,9,0
98,Victor Moses,220,20,103,65,0.09,3,12,5,1,0,323,92,28%,8,22,18,"4,627",21.03,25,578,20%,20,138,16,0,169,54,217,76%,91,153,109,61,805,945,"1,042",353,118,210,0
99,Martin Ødegaard,19,2,10,5,0.11,0,0,2,0,1,17,4,24%,0,0,2,690,36.32,1,41,32%,3,19,1,0,4,1,14,43%,10,4,8,0,58,43,61,14,6,17,0
100,Charly Musonda,3,0,1,2,0.00,0,0,0,0,0,2,0,0%,0,0,1,18,6.00,1,0,0%,2,1,0,0,3,0,1,0%,1,0,0,0,1,4,6,1,1,0,0
101,Melvin Sitti,0,0,0,0,0.00,0,0,0,0,0,0,0,0%,0,0,0,0,0.00,0,0,0%,0,0,0,0,0,0,0,0%,0,0,0,0,0,0,0,0,0,0,0
102,Marko Grujic,8,0,4,3,0.00,0,0,0,0,0,4,2,50%,0,0,0,47,5.88,0,0,0%,0,0,1,0,2,0,3,67%,0,0,0,0,3,12,7,2,5,3,0
103,Dwight McNeil,103,7,32,46,0.07,0,0,7,0,0,112,35,31%,4,3,16,"2,780",26.99,27,672,,,,8,0,60,3,149,,34,79,83,36,,,,,,,
104,Matt Ritchie,153,11,45,67,0.07,1,1,9,1,0,224,52,23%,5,7,23,"4,823",31.52,33,916,26%,16,274,28,0,180,9,213,66%,86,166,226,108,738,578,731,67,132,237,1
105,Jean-Philippe Gbamin,3,0,1,0,0.00,0,0,0,0,0,0,0,0%,0,0,0,79,26.33,0,0,0%,0,2,0,0,2,0,5,60%,0,1,5,3,10,12,12,2,3,2,0
106,Marcel Lavinier,0,0,0,0,0.00,0,0,0,0,0,0,0,0%,0,0,0,0,0.00,0,0,0%,0,0,0,0,0,0,0,0%,0,0,0,0,0,0,0,0,0,0,0
107,Kenny McLean,43,1,4,32,0.02,1,0,0,0,0,40,12,30%,2,0,1,"1,880",43.72,6,61,20%,10,91,5,0,24,1,54,63%,12,42,75,56,219,261,220,36,110,106,1
108,Thomas Partey,28,0,14,8,28,0,0,0,0,0,35,5,14%,1,1,2,"1,279",45.68,2,6,0%,4,76,6,0,22,0,50,50%,9,29,24,10,156,123,104,29,24,25,0
109,Stuart Armstrong,92,12,31,41,0.13,0,8,4,0,0,133,43,32%,1,5,10,"2,430",26.41,7,87,18%,4,67,9,0,79,11,120,67%,43,47,52,22,361,351,442,117,39,69,0
110,Youri Tielemans,95,13,45,32,0.14,1,9,3,2,0,151,48,32%,3,2,16,"5,324",56.04,19,251,17%,40,282,11,0,85,1,169,53%,51,76,48,24,575,459,428,88,75,73,0
111,Myles Peart-Harris,0,0,0,0,0.00,0,0,0,0,0,0,0,0%,0,0,0,0,0.00,0,0,0%,0,0,0,0,0,0,0,0%,0,0,0,0,0,0,0,0,0,0,0
112,Bryan Mbeumo,7,2,3,1,0.29,0,0,2,0,0,17,4,24%,4,3,0,132,18.86,0,11,36%,3,3,1,0,2,4,5,20%,1,1,2,0,21,30,41,11,4,22,0
113,Jack Harrison,41,8,17,18,0.20,0,5,3,0,0,49,20,41%,2,6,8,"1,117",27.24,10,187,17%,3,35,2,0,33,13,68,59%,8,17,20,6,165,171,225,52,27,47,0
114,Shandon Baptiste,5,0,2,1,0.00,0,0,0,0,0,3,0,0%,0,0,0,59,11.80,0,2,50%,0,0,0,1,3,0,2,0%,1,0,5,3,10,12,11,2,1,2,0
115,Alexandre Jankewitz,2,0,0,2,0.00,0,0,0,0,0,0,0,0%,0,0,0,3,1.50,0,0,0%,0,0,0,1,1,0,2,50%,0,0,0,0,0,3,1,0,0,0,0
116,Ezgjan Alioski,36,2,18,13,0.06,0,0,2,0,0,25,8,32%,1,1,3,"1,377",38.25,4,62,23%,1,30,7,0,39,6,74,42%,7,23,40,21,146,168,154,11,40,44,0
117,Leighton Clarkson,0,0,0,0,0.00,0,0,0,0,0,0,0,0%,0,0,0,0,0.00,0,0,0%,0,0,0,0,0,0,0,0%,0,0,0,0,0,0,0,0,0,0,0
118,Ashley Westwood,265,12,75,127,0.05,0,11,1,0,1,161,42,26%,3,5,29,"12,171",45.93,50,874,30%,24,975,47,0,234,2,367,68%,54,374,274,71,"1,591",698,740,52,110,150,1
119,Jesurun Rak-Sakyi,1,0,0,1,0.00,0,0,0,0,0,0,0,0%,0,0,0,11,11.00,0,1,100%,0,0,0,0,0,0,0,0%,0,0,0,0,1,0,1,0,0,0,0
120,Davy Pröpper,107,2,27,46,0.02,1,1,0,0,0,84,17,20%,2,6,7,"4,477",41.84,7,70,14%,7,262,8,1,106,3,193,58%,24,152,134,54,688,467,486,114,115,93,2
121,Georginio Wijnaldum,217,27,129,41,0.12,8,18,1,1,0,249,93,37%,3,16,16,"9,294",42.83,16,73,23%,14,286,8,0,99,15,219,64%,63,142,141,79,"1,179",809,830,226,181,233,2
122,Christian Nørgaard,7,1,3,1,0.14,1,0,0,0,0,2,1,50%,0,1,0,288,41.14,1,1,0%,0,10,3,0,12,0,16,38%,0,11,8,3,38,28,35,2,9,9,0
123,Jack Cork,282,8,100,115,0.03,3,3,2,0,0,145,42,29%,2,6,9,"11,589",41.10,11,158,16%,34,610,34,0,234,13,494,70%,48,417,499,216,"1,663","1,392","1,426",189,429,510,1
124,Scott McTominay,95,10,52,17,0.11,1,6,3,0,0,76,25,33%,0,4,2,"3,343",35.19,5,38,18%,5,168,9,0,106,2,120,56%,30,95,110,72,424,462,358,67,145,110,1
125,Jack Jenkins,0,0,0,0,0.00,0,0,0,0,0,0,0,0%,0,0,0,0,0.00,0,0,0%,0,0,0,0,0,0,0,0%,0,0,0,0,0,0,0,0,0,0,0
126,Nathan Holland,2,0,0,2,0.00,0,0,0,0,0,1,1,100%,0,0,0,11,5.50,0,2,0%,0,0,0,0,0,0,3,33%,0,0,0,0,1,7,2,3,0,1,0
127,Rachid Ghezzal,19,1,5,12,0.05,0,0,1,0,0,19,5,26%,1,1,0,422,22.21,3,45,36%,6,19,3,0,13,0,14,36%,10,7,3,2,50,51,66,19,10,7,0
128,Christian Pulisic,53,14,26,16,0.26,2,5,7,0,0,108,44,41%,2,13,6,"1,354",25.55,11,72,13%,6,31,2,0,29,7,42,52%,26,19,15,8,142,252,356,106,39,89,0
129,Tommy Doyle,1,0,1,0,0.00,0,0,0,0,0,1,1,100%,0,0,0,20,20.00,0,0,0%,0,0,0,0,0,0,0,0%,0,0,0,0,1,1,1,0,0,0,0
130,Solly March,116,4,29,49,0.03,2,1,1,0,0,117,33,28%,3,5,8,"2,697",23.25,14,450,22%,3,146,7,0,99,18,191,54%,40,83,94,35,469,509,566,158,69,146,0
131,Przemyslaw Placheta,0,0,0,0,0.00,0,0,0,0,0,0,0,0%,0,0,0,0,0.00,0,0,0%,0,0,0,0,0,0,0,0%,0,0,0,0,0,0,0,0,0,0,0
132,Andreas Pereira,45,2,21,13,0.04,0,1,1,0,0,45,16,36%,0,1,4,"1,111",24.69,8,88,19%,3,42,10,0,42,4,34,62%,14,20,12,4,140,101,213,32,13,49,1
133,Abdoulaye Doucouré,165,21,57,76,0.13,3,14,3,0,0,212,64,30%,2,12,18,"8,349",50.60,19,82,18%,12,259,39,0,176,11,302,58%,67,185,196,79,"1,263",729,795,153,200,192,1
134,Henri Lansbury,13,0,4,8,0.00,0,0,0,0,0,3,0,0%,0,0,0,115,8.85,0,2,50%,0,11,1,0,5,1,7,43%,1,1,2,0,14,10,16,0,2,6,0
135,Aaron Ramsey,0,0,0,0,0.00,0,0,0,0,0,0,0,0%,0,0,0,0,0.00,0,0,0%,0,0,0,0,0,0,0,0%,0,0,0,0,0,0,0,0,0,0,0
136,Will Ferry,0,0,0,0,0.00,0,0,0,0,0,0,0,0%,0,0,0,0,0.00,0,0,0%,0,0,0,0,0,0,0,0%,0,0,0,0,0,0,0,0,0,0,0
137,Iker Pozo,0,0,0,0,0.00,0,0,0,0,0,0,0,0%,0,0,0,0,0.00,0,0,0%,0,0,0,0,0,0,0,0%,0,0,0,0,0,0,0,0,0,0,0
138,Morgan Gibbs-White,46,1,15,22,0.02,0,1,0,0,0,22,5,23%,1,3,1,627,13.63,2,31,19%,5,31,3,0,17,3,15,67%,6,6,1,0,77,71,89,21,18,29,0
139,Scott Banks,0,0,0,0,0.00,0,0,0,0,0,0,0,0%,0,0,0,0,0.00,0,0,0%,0,0,0,0,0,0,0,0%,0,0,0,0,0,0,0,0,0,0,0
140,Mateusz Bogusz,0,0,0,0,0.00,0,0,0,0,0,0,0,0%,0,0,0,0,0.00,0,0,0%,0,0,0,0,0,0,0,0%,0,0,0,0,0,0,0,0,0,0,0
141,Hayden Lindley,0,0,0,0,0.00,0,0,0,0,0,0,0,0%,0,0,0,0,0.00,0,0,0%,0,0,0,0,0,0,0,0%,0,0,0,0,0,0,0,0,0,0,0
142,Sheyi Ojo,8,0,3,2,0.00,0,0,0,0,0,5,1,20%,0,0,3,140,17.50,2,19,21%,0,3,0,0,3,0,9,78%,3,2,1,0,26,32,31,13,2,6,1
143,Fabian Delph,194,7,79,77,0.04,0,1,6,0,0,145,36,25%,5,3,8,"9,081",46.81,7,202,26%,13,516,30,3,143,1,403,70%,36,288,220,55,"1,033","1,009",714,266,130,165,5
144,Rodri,74,6,52,13,0.08,2,4,0,1,0,62,18,29%,2,2,4,"5,736",77.51,4,24,21%,4,346,16,0,94,2,132,58%,15,66,91,58,554,400,297,61,144,67,2
145,Ozan Tufan,2,0,0,1,0.00,0,0,0,0,0,2,0,0%,0,0,0,33,16.50,0,2,0%,1,1,0,0,3,0,0,0%,0,0,0,0,4,2,8,1,1,3,0
146,James McCarthy,272,13,91,109,0.05,0,10,3,0,0,179,47,26%,4,8,12,"11,122",40.89,8,193,29%,23,856,48,1,311,2,687,73%,66,426,373,127,"1,330","1,214","1,034",124,155,171,3
147,Matthew Craig,0,0,0,0,0.00,0,0,0,0,0,0,0,0%,0,0,0,0,0.00,0,0,0%,0,0,0,0,0,0,0,0%,0,0,0,0,0,0,0,0,0,0,0
148,Emiliano Buendía,41,2,7,27,0.05,0,1,1,0,0,42,12,29%,0,1,7,"1,506",36.73,9,184,24%,20,95,7,1,38,2,89,47%,14,24,25,10,205,285,312,107,31,55,2
149,Taylor Jay-Hart,0,0,0,0,0.00,0,0,0,0,0,0,0,0%,0,0,0,0,0.00,0,0,0%,0,0,0,0,0,0,0,0%,0,0,0,0,0,0,0,0,0,0,0
150,Dennis Praet,42,2,21,15,0.05,0,2,0,0,0,24,5,21%,1,0,3,815,19.40,5,40,15%,3,27,2,0,30,1,47,53%,12,24,15,7,114,87,130,18,8,23,0
151,John McGinn,71,7,24,33,0.10,0,0,7,0,0,110,33,30%,3,6,8,"2,258",31.80,10,142,22%,10,228,17,0,92,1,125,61%,25,74,43,12,419,433,416,111,45,82,0
152,Paul Pogba,144,28,80,23,0.19,4,21,3,7,0,347,122,35%,11,28,36,"8,785",61.01,27,134,13%,77,676,25,1,244,17,200,68%,95,114,157,104,899,"1,037",963,298,292,201,1
153,Andrew Moran,0,0,0,0,0.00,0,0,0,0,0,0,0,0%,0,0,0,0,0.00,0,0,0%,0,0,0,0,0,0,0,0%,0,0,0,0,0,0,0,0,0,0,0
154,Donny van de Beek,20,1,12,5,0.05,0,1,0,0,0,2,1,50%,1,0,1,274,13.70,1,0,0%,0,6,1,0,5,0,15,67%,0,6,6,1,38,31,30,8,2,5,0
155,Miguel Almirón,87,8,27,37,0.09,0,2,6,0,0,115,41,36%,5,14,3,"2,080",23.91,8,110,22%,6,65,9,0,58,36,143,62%,38,72,40,15,453,388,383,100,21,58,1
156,Ryan Finnigan,0,0,0,0,0.00,0,0,0,0,0,0,0,0%,0,0,0,0,0.00,0,0,0%,0,0,0,0,0,0,0,0%,0,0,0,0,0,0,0,0,0,0,0
157,Tyler Onyango,0,0,0,0,0.00,0,0,0,0,0,0,0,0%,0,0,0,0,0.00,0,0,0%,0,0,0,0,0,0,0,0%,0,0,0,0,0,0,0,0,0,0,0
158,Hakim Ziyech,25,2,12,5,0.08,0,0,2,0,0,38,14,37%,1,1,3,712,28.48,6,69,17%,7,27,3,0,20,4,17,65%,17,12,5,0,74,61,91,20,6,18,0
159,Jayson Molumby,1,0,1,0,0.00,0,0,0,0,0,0,0,0%,0,0,0,1,1.00,0,0,0%,0,0,0,0,0,0,0,0%,0,0,0,0,0,0,0,0,0,0,0
160,Taylor Richards,1,0,0,1,0.00,0,0,0,0,0,1,0,0%,0,0,0,17,17.00,0,0,0%,0,2,0,0,0,0,0,0%,1,0,0,0,2,0,0,0,0,0,0
161,Sidnei Tavares,2,0,1,0,0.00,0,0,0,0,0,1,1,100%,0,0,0,26,13.00,0,0,0%,0,0,0,0,1,0,1,100%,0,0,0,0,6,6,5,1,1,1,0
162,Edward Rowe,0,0,0,0,0.00,0,0,0,0,0,0,0,0%,0,0,0,0,0.00,0,0,0%,0,0,0,0,0,0,0,0%,0,0,0,0,0,0,0,0,0,0,0
163,Henri Saivet,5,1,3,2,0.20,0,1,0,0,1,1,1,100%,0,0,0,106,21.20,0,2,0%,0,4,0,0,1,0,18,67%,0,9,10,3,24,23,20,1,3,7,1
164,Muhamed Besic,46,0,14,17,0.00,0,0,0,0,0,26,7,27%,1,0,0,"1,339",29.11,2,18,22%,3,116,11,0,42,0,93,76%,7,34,56,26,154,186,165,53,21,16,1
165,Nemanja Matic,232,6,144,41,0.03,0,2,4,0,0,143,39,27%,3,7,20,"13,680",58.97,13,97,20%,27,801,38,3,251,14,520,68%,49,363,418,263,"1,723","1,277","1,074",255,368,251,1
166,Kiernan Dewsbury-Hall,1,0,1,0,0.00,0,0,0,0,0,0,0,0%,0,0,0,3,3.00,0,0,0%,0,0,0,0,0,0,0,0%,0,0,1,0,1,1,0,0,0,0,0
167,Jakub Moder,19,0,8,6,0.00,0,0,0,0,0,17,4,24%,0,2,1,375,19.74,1,14,7%,0,7,1,0,14,2,18,44%,6,4,13,4,50,42,75,10,9,20,0
168,Tomas Soucek,58,14,25,19,0.24,5,7,2,0,0,99,35,35%,1,4,2,"2,319",39.98,2,12,8%,0,115,7,1,86,2,126,51%,22,90,152,100,335,517,424,17,325,227,0
169,Jamie Shackleton,18,0,7,8,0.00,0,0,0,0,0,3,1,33%,0,0,0,347,19.28,0,6,17%,0,6,0,0,3,1,15,60%,1,9,6,2,45,24,26,5,0,9,0
170,Tom Cleverley,219,14,82,81,0.06,1,12,1,0,0,180,59,33%,4,12,14,"8,312",37.95,14,413,22%,19,435,22,1,176,3,409,71%,58,201,166,49,959,754,836,72,91,183,0
171,Kane Crichlow,0,0,0,0,0.00,0,0,0,0,0,0,0,0%,0,0,0,0,0.00,0,0,0%,0,0,0,0,0,0,0,0%,0,0,0,0,0,0,0,0,0,0,0
172,Facundo Pellistri,0,0,0,0,0.00,0,0,0,0,0,0,0,0%,0,0,0,0,0.00,0,0,0%,0,0,0,0,0,0,0,0%,0,0,0,0,0,0,0,0,0,0,0
173,Jonjo Shelvey,244,21,87,98,0.09,1,17,3,2,1,411,123,30%,13,18,26,"10,218",41.88,34,692,24%,69,"1,145",40,4,210,12,297,67%,116,233,213,77,"1,288",661,706,154,135,124,3
174,Hannibal Mejbri,1,0,1,0,0.00,0,0,0,0,0,0,0,0%,0,0,0,3,3.00,0,0,0%,0,0,0,0,0,0,0,0%,0,0,0,0,0,2,2,1,0,0,0
175,Aaron Lennon,392,34,165,127,0.09,0,22,10,0,0,272,102,38%,7,10,50,"7,437",18.97,47,988,24%,55,161,20,0,160,40,429,75%,95,242,163,19,976,"1,238","1,310",407,39,140,0
176,Eberechi Eze,34,4,12,16,0.12,0,3,1,0,1,37,13,35%,2,1,6,"1,088",32.00,5,86,27%,1,25,3,0,18,1,27,52%,11,24,7,2,178,175,153,64,12,29,1
177,Dale Stephens,106,1,25,51,0.01,0,0,1,0,0,53,5,9%,1,0,5,"4,904",46.26,4,6,17%,7,388,21,1,144,0,272,63%,19,175,153,90,745,421,464,36,78,77,0
178,Oriol Romeu,209,5,73,77,0.02,0,4,1,0,0,130,27,21%,2,3,1,"9,404",45.00,15,33,27%,12,480,56,0,288,5,556,66%,45,366,279,110,"1,329","1,162","1,061",111,340,317,0
179,Bukayo Saka,66,7,28,21,0.11,1,3,3,0,0,86,28,33%,4,7,9,"1,848",28.00,13,222,,,,7,0,51,27,70,,33,42,31,12,,,,,,,
180,Mackenzie Hunt,0,0,0,0,0.00,0,0,0,0,0,0,0,0%,0,0,0,0,0.00,0,0,0%,0,0,0,0,0,0,0,0%,0,0,0,0,0,0,0,0,0,0,0
181,Dani Ceballos,49,0,21,17,0.00,0,0,0,0,0,26,5,19%,1,0,5,"2,523",51.49,5,99,18%,13,146,5,0,42,0,82,55%,9,67,25,16,289,211,218,53,17,38,0
182,Conor Hourihane,31,4,9,15,0.13,0,1,3,0,1,34,12,35%,1,1,6,745,24.03,10,139,23%,1,24,4,0,15,4,16,63%,13,9,28,10,83,55,51,4,15,9,0
183,Andros Townsend,250,25,91,108,0.10,0,6,19,2,1,380,121,32%,6,14,28,"5,497",21.99,47,"1,101",25%,14,130,15,0,105,23,440,67%,125,224,95,22,"1,103","1,228","1,232",460,24,95,2
184,Kortney Hause,28,3,8,13,0.11,2,1,0,0,0,26,5,19%,1,4,0,"1,109",39.61,1,0,0%,1,84,5,0,35,1,27,48%,2,33,150,79,161,195,113,11,146,56,1
185,Tom Davies,133,5,59,42,0.04,1,2,2,0,0,69,15,22%,2,4,5,"3,624",27.25,7,48,23%,11,169,25,0,143,9,163,61%,29,133,83,45,518,502,566,94,83,133,1
186,Kieran Dowell,4,0,2,2,4,0,0,0,0,0,1,0,0%,0,0,0,54,13.50,0,7,0%,0,0,0,0,1,0,2,50%,1,0,1,0,6,7,15,4,1,2,0
187,Chem Campbell,0,0,0,0,0.00,0,0,0,0,0,0,0,0%,0,0,0,0,0.00,0,0,0%,0,0,0,0,0,0,0,0%,0,0,0,0,0,0,0,0,0,0,0
188,Teddy Jenks,0,0,0,0,0.00,0,0,0,0,0,0,0,0%,0,0,0,0,0.00,0,0,0%,0,0,0,0,0,0,0,0%,0,0,0,0,0,0,0,0,0,0,0
189,Michael Craig,0,0,0,0,0.00,0,0,0,0,0,0,0,0%,0,0,0,0,0.00,0,0,0%,0,0,0,0,0,0,0,0%,0,0,0,0,0,0,0,0,0,0,0
190,Jake Cain,0,0,0,0,0.00,0,0,0,0,0,0,0,0%,0,0,0,0,0.00,0,0,0%,0,0,0,0,0,0,0,0%,0,0,0,0,0,0,0,0,0,0,0
191,Romaine Mundle,0,0,0,0,0.00,0,0,0,0,0,0,0,0%,0,0,0,0,0.00,0,0,0%,0,0,0,0,0,0,0,0%,0,0,0,0,0,0,0,0,0,0,0
192,Ben Woodburn,6,0,5,1,0.00,0,0,0,0,0,2,0,0%,0,0,0,40,6.67,0,5,20%,0,0,0,0,2,0,4,75%,2,0,0,0,6,7,12,1,1,3,0
193,Dele Alli,177,51,99,43,0.29,9,32,10,3,0,333,133,40%,8,39,34,"5,992",33.85,46,89,12%,68,175,25,0,196,32,267,65%,85,137,110,64,827,895,"1,187",201,132,199,1
194,Einar Iversen,0,0,0,0,0.00,0,0,0,0,0,0,0,0%,0,0,0,0,0.00,0,0,0%,0,0,0,0,0,0,0,0%,0,0,0,0,0,0,0,0,0,0,0
195,Lars Dendoncker,0,0,0,0,0.00,0,0,0,0,0,0,0,0%,0,0,0,0,0.00,0,0,0%,0,0,0,0,0,0,0,0%,0,0,0,0,0,0,0,0,0,0,0
196,James McArthur,305,23,97,136,0.08,6,10,7,0,0,223,65,29%,3,12,20,"11,123",36.47,23,157,20%,32,621,50,0,412,14,675,71%,72,424,343,124,"1,597","1,431","1,585",179,335,410,0
197,Luke Bolton,0,0,0,0,0.00,0,0,0,0,0,0,0,0%,0,0,0,0,0.00,0,0,0%,0,0,0,0,0,0,0,0%,0,0,0,0,0,0,0,0,0,0,0
198,Lamare Bogarde,0,0,0,0,0.00,0,0,0,0,0,0,0,0%,0,0,0,0,0.00,0,0,0%,0,0,0,0,0,0,0,0%,0,0,0,0,0,0,0,0,0,0,0
199,Harry Winks,111,2,65,27,0.02,1,1,0,0,0,36,7,19%,1,1,2,"4,794",43.19,3,57,18%,11,222,19,0,70,2,104,63%,10,86,74,28,452,266,269,56,38,37,0
200,Lewis Bate,0,0,0,0,0.00,0,0,0,0,0,0,0,0%,0,0,0,0,0.00,0,0,0%,0,0,0,0,0,0,0,0%,0,0,0,0,0,0,0,0,0,0,0
201,Emile Smith Rowe,29,3,15,8,0.10,0,1,2,0,0,22,12,55%,1,2,5,953,32.86,4,25,12%,3,17,0,0,7,5,18,50%,4,14,15,9,114,79,83,24,6,15,0
202,Alex Král,0,0,0,0,0.00,0,0,0,0,0,0,0,0%,0,0,0,0,0.00,0,0,0%,0,0,0,0,0,0,0,0%,0,0,0,0,0,0,0,0,0,0,0
203,Faustino Anjorin,1,0,1,0,0.00,0,0,0,0,0,1,0,0%,0,0,0,7,7.00,0,0,0%,0,0,0,0,0,0,0,0%,0,0,0,0,1,2,2,1,0,0,0
204,Ken Sema,22,1,11,6,0.05,0,0,1,0,0,13,4,31%,0,0,2,295,13.41,2,16,13%,0,1,2,0,18,1,20,45%,4,8,6,2,44,76,113,23,23,25,0
205,Danny Drinkwater,104,4,48,32,0.04,0,4,0,0,0,95,17,18%,0,5,8,"5,250",50.48,11,103,19%,17,313,11,1,150,1,264,70%,29,149,164,95,835,471,558,72,84,130,2
206,Onel Hernández,26,1,1,19,0.04,0,1,0,0,0,29,8,28%,1,2,2,311,11.96,0,26,4%,0,2,0,0,14,8,27,70%,12,19,9,2,75,93,132,42,6,29,0
207,Nya Kirby,0,0,0,0,0.00,0,0,0,0,0,0,0,0%,0,0,0,0,0.00,0,0,0%,0,0,0,0,0,0,0,0%,0,0,0,0,0,0,0,0,0,0,0
208,Harrison Sohna,0,0,0,0,0.00,0,0,0,0,0,0,0,0%,0,0,0,0,0.00,0,0,0%,0,0,0,0,0,0,0,0%,0,0,0,0,0,0,0,0,0,0,0
209,Thakgalo Leshabela,1,0,1,0,0.00,0,0,0,0,0,0,0,0%,0,0,0,7,7.00,0,1,0%,0,0,0,0,0,0,0,0%,0,0,0,0,2,0,1,0,0,0,0
210,Liam McCarron,0,0,0,0,0.00,0,0,0,0,0,0,0,0%,0,0,0,0,0.00,0,0,0%,0,0,0,0,0,0,0,0%,0,0,0,0,0,0,0,0,0,0,0
211,Erik Lamela,177,17,90,44,0.10,2,1,13,0,0,222,77,35%,10,16,23,"4,350",24.58,30,397,26%,37,98,30,1,235,28,264,73%,77,109,33,17,585,690,944,217,44,136,0
212,Yves Bissouma,91,2,25,39,0.02,0,2,0,0,0,92,13,14%,1,2,1,"3,263",35.86,3,21,19%,8,143,18,1,129,2,231,64%,25,130,115,63,522,531,426,140,84,74,1
213,Shane Flynn,0,0,0,0,0.00,0,0,0,0,0,0,0,0%,0,0,0,0,0.00,0,0,0%,0,0,0,0,0,0,0,0%,0,0,0,0,0,0,0,0,0,0,0
214,Nathan Redmond,242,27,62,117,0.11,1,22,3,0,0,430,141,33%,15,17,21,"6,585",27.21,44,557,23%,29,265,13,1,185,52,286,63%,122,126,86,26,"1,012","1,031","1,268",460,81,217,1
215,Saúl Ñíguez,1,0,1,0,0.00,0,0,0,0,0,0,0,0%,0,0,0,38,38.00,0,0,0%,0,0,0,0,3,0,0,0%,0,0,1,1,1,1,8,0,1,1,0
216,Tiemoué Bakayoko,29,2,18,6,0.07,1,0,1,0,0,40,9,23%,1,3,2,"1,108",38.21,1,5,20%,0,44,3,1,50,2,64,64%,17,37,36,22,169,164,155,36,40,36,2
217,Marvelous Nakamba,46,0,17,21,0.00,0,0,0,0,0,9,2,22%,0,0,0,"1,160",25.22,0,5,0%,1,37,8,0,38,0,79,56%,0,58,40,10,226,168,147,23,30,39,2
218,Mads Bidstrup,3,0,2,0,0.00,0,0,0,0,0,0,0,0%,0,0,0,11,3.67,0,0,0%,0,0,0,0,0,0,1,0%,0,1,2,1,3,1,3,0,0,0,0
219,Ryan Fraser,142,16,37,70,0.11,0,13,3,0,1,149,68,46%,2,8,28,"3,734",26.30,44,812,23%,16,97,7,1,45,14,61,62%,42,70,85,34,443,397,397,69,36,121,0
220,Michael Olise,3,1,1,1,0.33,0,0,1,0,0,3,1,33%,0,0,0,30,10.00,0,4,25%,0,0,0,0,1,0,1,100%,1,0,0,0,2,6,4,1,3,0,0
221,J'Neil Bennett,0,0,0,0,0.00,0,0,0,0,0,0,0,0%,0,0,0,0,0.00,0,0,0%,0,0,0,0,0,0,0,0%,0,0,0,0,0,0,0,0,0,0,0
222,Reece McAlear,0,0,0,0,0.00,0,0,0,0,0,0,0,0%,0,0,0,0,0.00,0,0,0%,0,0,0,0,0,0,0,0%,0,0,0,0,0,0,0,0,0,0,0
223,Hamza Choudhury,48,1,21,15,0.02,0,1,0,0,0,17,5,29%,0,2,2,"1,169",24.35,2,9,11%,1,49,4,1,31,0,63,49%,7,54,36,13,137,114,110,6,26,18,1
224,Joseph Hungbo,0,0,0,0,0.00,0,0,0,0,0,0,0,0%,0,0,0,0,0.00,0,0,0%,0,0,0,0,0,0,0,0%,0,0,0,0,0,0,0,0,0,0,0
225,Jacob Ramsey,28,0,12,11,0.00,0,0,0,0,0,20,2,10%,0,0,0,340,12.14,0,19,26%,1,20,2,0,20,2,21,57%,9,7,9,4,56,63,81,13,9,18,0
226,Dan Gosling,185,17,69,79,0.09,1,11,4,0,0,149,49,33%,3,12,4,"5,170",27.95,8,84,32%,19,210,35,1,164,9,306,60%,35,182,155,68,710,736,834,98,175,218,2
227,Yoane Wissa,4,2,1,0,0.50,0,1,1,0,0,3,2,67%,0,0,0,8,2.00,0,1,0%,0,0,0,0,1,1,0,0%,1,0,0,0,2,3,8,1,0,4,0
228,Alex Oxlade-Chamberlain,211,17,122,46,0.08,0,14,3,0,0,247,69,28%,8,11,23,"4,726",22.40,28,429,20%,54,260,10,0,108,14,192,72%,88,136,75,25,582,719,727,347,80,135,3
229,Kai Havertz,33,5,14,10,0.15,1,0,4,0,0,43,18,42%,0,11,3,880,26.67,1,12,17%,3,14,2,0,35,8,21,48%,10,5,29,23,85,91,149,20,33,41,1
230,Jacob Murphy,67,4,13,38,0.06,1,3,0,0,1,60,20,33%,1,3,6,885,13.21,12,128,21%,1,36,4,0,39,3,70,56%,19,26,43,15,212,205,255,82,20,50,0
231,Mohamed Elyounoussi,21,1,1,12,0.05,0,0,1,0,0,32,12,38%,2,5,0,317,15.10,2,54,24%,2,9,0,0,15,2,22,64%,10,8,9,2,58,68,85,17,14,20,0
232,Mario Vrancic,20,1,1,15,0.05,0,1,0,0,0,14,3,21%,0,2,0,452,22.60,1,6,0%,3,16,3,0,13,1,27,59%,5,10,3,2,46,53,46,5,8,9,1
233,Pierre-Emile Højbjerg,154,7,55,63,0.05,0,6,1,0,0,161,49,30%,4,9,8,"8,912",57.87,8,98,31%,23,435,30,2,219,2,356,63%,38,237,204,110,"1,269",884,830,134,197,155,2
234,Josh Dasilva,0,0,0,0,0.00,0,0,0,0,0,0,0,0%,0,0,0,0,0.00,0,0,0%,0,0,0,0,0,0,0,0%,0,0,0,0,0,0,0,0,0,0,0
235,Jacob Sørensen,0,0,0,0,0.00,0,0,0,0,0,0,0,0%,0,0,0,0,0.00,0,0,0%,0,0,0,0,0,0,0,0%,0,0,0,0,0,0,0,0,0,0,0
236,Felipe Anderson,63,10,20,32,0.16,0,7,3,0,0,81,33,41%,3,5,8,"2,567",40.75,14,155,28%,27,127,4,0,44,7,136,60%,25,63,22,8,339,366,387,139,16,45,0
237,Fabinho,92,4,63,10,0.04,1,3,0,0,0,47,12,26%,0,2,6,"5,578",60.63,5,22,32%,8,261,20,0,98,0,186,54%,18,115,113,53,515,451,376,27,160,123,0
238,Thanawat Suengchitthawon,0,0,0,0,0.00,0,0,0,0,0,0,0,0%,0,0,0,0,0.00,0,0,0%,0,0,0,0,0,0,0,0%,0,0,0,0,0,0,0,0,0,0,0
239,Owen Otasowie,6,0,1,2,0.00,0,0,0,0,0,4,0,0%,0,1,1,59,9.83,0,0,0%,0,0,1,0,3,0,5,100%,1,3,4,3,16,22,20,3,8,9,0
240,Douglas Luiz,75,3,25,36,0.04,0,2,1,0,0,69,20,29%,0,3,6,"2,822",37.63,8,65,23%,6,208,17,1,120,0,104,48%,24,86,93,41,451,336,362,63,79,86,1
241,Pascal Groß,131,15,30,56,0.11,2,12,1,5,1,134,48,36%,3,5,25,"4,605",35.15,41,789,31%,20,266,10,0,87,27,152,51%,45,60,70,23,491,319,522,32,73,172,0
242,Jacob Montes,0,0,0,0,0.00,0,0,0,0,0,0,0,0%,0,0,0,0,0.00,0,0,0%,0,0,0,0,0,0,0,0%,0,0,0,0,0,0,0,0,0,0,0
243,Meritan Shabani,0,0,0,0,0.00,0,0,0,0,0,0,0,0%,0,0,0,0,0.00,0,0,0%,0,0,0,0,0,0,0,0%,0,0,0,0,0,0,0,0,0,0,0
244,Daniel Podence,37,4,16,12,0.11,1,2,1,0,0,42,17,40%,1,0,2,746,20.16,6,39,21%,5,48,3,0,19,7,15,60%,14,15,3,1,100,114,120,52,7,23,0
245,Ryan Sessegnon,41,2,10,25,0.05,0,1,1,0,0,29,11,38%,1,9,6,846,20.63,6,79,18%,5,18,0,0,24,17,29,62%,6,22,48,19,156,113,177,36,24,45,0
246,Tyler Morton,0,0,0,0,0.00,0,0,0,0,0,0,0,0%,0,0,0,0,0.00,0,0,0%,0,0,0,0,0,0,0,0%,0,0,0,0,0,0,0,0,0,0,0
247,Malachi Boateng,0,0,0,0,0.00,0,0,0,0,0,0,0,0%,0,0,0,0,0.00,0,0,0%,0,0,0,0,0,0,0,0%,0,0,0,0,0,0,0,0,0,0,0
248,Joseph Willock,60,9,20,21,0.15,2,4,3,0,0,48,20,42%,0,4,1,834,13.9,1,29,17%,3,31,3,0,32,0,84,55%,8,33,22,8,166,211,218,55,30,44,0
249,Robbie Brady,160,10,45,81,0.06,0,3,7,2,1,170,46,27%,7,1,13,"3,619",22.62,25,767,26%,14,218,18,1,136,14,261,73%,59,144,238,115,652,653,647,140,154,131,3
250,Moisés Caicedo,0,0,0,0,0.00,0,0,0,0,0,0,0,0%,0,0,0,0,0.00,0,0,0%,0,0,0,0,0,0,0,0%,0,0,0,0,0,0,0,0,0,0,0
251,Mateo Kovacic,97,2,53,24,0.02,0,2,0,0,0,81,16,20%,1,3,9,"5,496",56.66,9,23,13%,29,236,15,0,60,0,171,60%,34,48,47,21,455,496,325,187,32,40,0
252,Alexis Mac Allister,35,2,11,13,0.06,0,2,0,0,0,38,5,13%,0,3,2,577,16.49,2,36,8%,4,21,1,0,24,2,46,54%,21,11,4,1,92,96,126,19,13,26,0
253,Manuel Lanzini,141,21,46,56,0.15,1,16,4,2,1,207,64,31%,2,12,14,"5,478",38.85,19,260,26%,24,146,20,0,57,23,134,63%,58,126,35,9,743,563,553,263,22,70,1
254,Stuart Dallas,45,8,19,18,0.18,1,6,1,0,0,57,21,37%,1,2,3,"2,223",49.40,3,106,14%,5,81,7,0,42,0,85,65%,17,49,50,21,293,207,205,27,35,47,0
255,Mason Mount,78,13,40,21,0.17,0,11,2,1,1,170,59,35%,6,12,11,"3,093",39.65,25,327,30%,10,87,5,0,90,9,117,45%,56,50,32,13,314,323,434,85,33,88,0
256,James Garner,2,0,2,0,0.00,0,0,0,0,0,0,0,0%,0,0,0,15,7.50,0,0,0%,0,1,0,0,0,0,0,0%,0,0,1,0,2,1,1,0,0,0,0
257,Will Hughes,77,5,22,40,0.06,0,1,4,0,0,70,14,20%,0,4,8,"2,203",28.61,8,100,24%,7,31,14,0,126,2,182,59%,25,77,54,20,345,428,426,58,51,85,0
258,Danel Sinani,0,0,0,0,0.00,0,0,0,0,0,0,0,0%,0,0,0,0,0.00,0,0,0%,0,0,0,0,0,0,0,0%,0,0,0,0,0,0,0,0,0,0,0
259,Omari Hutchinson,0,0,0,0,0,0,0,0,0,0,0,0,0%,0,0,0,0,0.00,0,0,0%,0,0,0,0,0,0,0,0%,0,0,0,0,0,0,0,0,0,0,0
260,Bernardo Silva,137,22,105,18,0.16,2,1,19,0,0,172,67,39%,5,20,24,"5,667",41.36,31,242,18%,15,191,14,0,86,10,153,63%,58,79,58,18,509,466,541,170,45,100,0
261,Dylan Levitt,0,0,0,0,0.00,0,0,0,0,0,0,0,0%,0,0,0,0,0.00,0,0,0%,0,0,0,0,0,0,0,0%,0,0,0,0,0,0,0,0,0,0,0
262,Nathan Tella,21,1,5,13,0.05,0,1,0,0,0,18,9,50%,0,2,1,157,7.48,2,8,25%,1,1,2,0,16,5,10,70%,4,3,2,0,39,50,96,11,2,25,0
263,Luke Cundle,0,0,0,0,0.00,0,0,0,0,0,0,0,0%,0,0,0,0,0.00,0,0,0%,0,0,0,0,0,0,0,0%,0,0,0,0,0,0,0,0,0,0,0
264,Vitinha,19,0,5,10,0.00,0,0,0,0,0,8,4,50%,0,1,1,330,17.37,1,14,29%,3,9,0,0,8,1,7,43%,2,3,1,1,32,20,20,8,0,1,0
265,Moussa Djenepo,51,3,14,27,0.06,0,2,1,0,0,41,10,24%,1,5,2,729,14.29,3,34,18%,1,12,12,1,58,6,86,58%,10,21,26,13,139,259,264,82,16,56,0
266,Kamal Sowah,0,0,0,0,0.00,0,0,0,0,0,0,0,0%,0,0,0,0,0.00,0,0,0%,0,0,0,0,0,0,0,0%,0,0,0,0,0,0,0,0,0,0,0
267,Jack Francis,0,0,0,0,0.00,0,0,0,0,0,0,0,0%,0,0,0,0,0.00,0,0,0%,0,0,0,0,0,0,0,0%,0,0,0,0,0,0,0,0,0,0,0
268,Taylor Perry,0,0,0,0,0.00,0,0,0,0,0,0,0,0%,0,0,0,0,0.00,0,0,0%,0,0,0,0,0,0,0,0%,0,0,0,0,0,0,0,0,0,0,0
269,Billy Gilmour,15,0,7,7,0.00,0,0,0,0,0,3,0,0%,0,0,0,611,40.73,0,15,27%,2,28,0,0,8,0,18,67%,2,11,11,2,46,39,41,8,6,8,0
270,Jaime Alvarado,0,0,0,0,0.00,0,0,0,0,0,0,0,0%,0,0,0,0,0.00,0,0,0%,0,0,0,0,0,0,0,0%,0,0,0,0,0,0,0,0,0,0,0
271,Benjamin Chrisene,0,0,0,0,0.00,0,0,0,0,0,0,0,0%,0,0,0,0,0.00,0,0,0%,0,0,0,0,0,0,0,0%,0,0,0,0,0,0,0,0,0,0,0
272,Mathias Normann,3,0,0,2,3,0,0,0,0,0,7,4,57%,1,0,1,110,36.67,1,11,36%,1,14,1,0,3,0,5,60%,2,4,8,4,11,17,12,4,5,3,0
273,Tom Trybull,16,0,2,10,0.00,0,0,0,0,0,11,2,18%,0,0,0,615,38.44,0,0,0%,0,27,2,0,26,2,39,64%,3,16,32,14,63,79,92,6,24,15,0
274,Jaakko Oksanen,0,0,0,0,0.00,0,0,0,0,0,0,0,0%,0,0,0,0,0.00,0,0,0%,0,0,0,0,0,0,0,0%,0,0,0,0,0,0,0,0,0,0,0
275,N'Golo Kanté,198,11,116,40,0.06,0,7,4,0,0,131,33,25%,0,8,12,"10,493",52.99,18,95,27%,29,436,29,0,254,7,618,63%,49,473,209,90,"1,519","1,049","1,041",216,138,232,2
276,Josh Benson,6,0,2,3,0.00,0,0,0,0,0,2,0,0%,0,0,0,79,13.17,0,5,0%,0,1,0,0,4,0,5,20%,1,3,2,1,18,10,22,2,2,5,0
277,João Moutinho,116,3,45,40,0.03,0,2,1,0,1,59,14,24%,1,0,15,"5,789",49.91,18,553,30%,16,373,14,1,146,3,294,53%,15,144,89,27,736,483,557,43,62,90,0
278,Luka Milivojevic,153,28,50,66,0.18,0,28,0,22,3,165,62,38%,5,5,5,"6,973",45.58,11,423,27%,11,471,42,1,248,2,330,62%,48,263,248,113,907,737,718,64,198,157,5
279,Pablo Hernández,73,5,21,34,0.07,0,4,1,0,0,93,24,26%,2,3,15,"2,681",36.73,13,194,16%,25,158,6,0,30,10,58,67%,29,54,26,7,235,176,265,64,6,35,0
280,Trézéguet,55,8,17,28,0.15,0,6,2,0,0,85,29,34%,3,8,2,652,11.85,5,93,16%,1,22,2,1,74,10,71,48%,31,44,27,17,144,225,307,47,57,89,0
281,Mattéo Guendouzi,57,0,24,17,0.00,0,0,0,0,0,27,9,33%,1,1,1,"2,750",48.25,4,21,10%,16,148,15,0,41,0,75,56%,11,59,58,29,284,263,217,47,31,40,1
282,Anthony Mancini,0,0,0,0,0,0,0,0,0,0,0,0,0%,0,0,0,0,0,0,0,0%,0,0,0,0,0,0,0,0%,0,0,0,0,0,0,0,0,0,0,0
283,Cheikhou Kouyaté,237,14,75,94,0.06,6,7,0,0,0,174,55,32%,9,12,10,"7,240",30.55,4,107,17%,8,270,29,1,285,16,511,66%,35,350,538,319,"1,229","1,494","1,228",138,637,491,1
284,Nohan Kenneh,0,0,0,0,0.00,0,0,0,0,0,0,0,0%,0,0,0,0,0.00,0,0,0%,0,0,0,0,0,0,0,0%,0,0,0,0,0,0,0,0,0,0,0
285,Vitaly Janelt,6,1,2,1,0.17,1,0,0,0,0,6,3,50%,0,1,0,194,32.33,0,7,29%,1,5,1,0,9,1,18,78%,2,5,7,2,25,31,19,1,7,3,0
286,James McAtee,0,0,0,0,0.00,0,0,0,0,0,0,0,0%,0,0,0,0,0.00,0,0,0%,0,0,0,0,0,0,0,0%,0,0,0,0,0,0,0,0,0,0,0
287,Marc Leonard,0,0,0,0,0.00,0,0,0,0,0,0,0,0%,0,0,0,0,0.00,0,0,0%,0,0,0,0,0,0,0,0%,0,0,0,0,0,0,0,0,0,0,0
288,Fred,82,3,41,18,0.04,0,1,2,0,0,85,21,25%,3,2,1,"4,599",56.09,9,86,23%,13,278,17,0,118,3,185,51%,22,104,63,15,613,378,437,77,26,50,1
289,Juan Familia-Castillo,0,0,0,0,0.00,0,0,0,0,0,0,0,0%,0,0,0,0,0.00,0,0,0%,0,0,0,0,0,0,0,0%,0,0,0,0,0,0,0,0,0,0,0
290,Conor Gallagher,36,4,4,18,0.11,0,4,0,0,0,44,12,27%,3,3,3,"1,065",29.58,3,97,20%,1,58,13,0,57,1,94,51%,13,30,32,13,223,233,252,37,28,42,0
291,Jeffrey Schlupp,178,14,63,74,0.08,2,4,8,0,0,153,45,29%,0,11,10,"3,567",20.04,14,224,19%,4,173,17,0,135,3,307,68%,47,197,230,124,655,875,913,204,237,302,1
292,Felix Nmecha,0,0,0,0,0.00,0,0,0,0,0,0,0,0%,0,0,0,0,0.00,0,0,0%,0,0,0,0,0,0,0,0%,0,0,0,0,0,0,0,0,0,0,0
293,Anwar El Ghazi,65,15,18,33,0.23,0,14,1,6,0,120,51,43%,5,11,4,"1,052",16.18,6,201,26%,2,28,6,0,43,19,38,68%,26,19,23,12,150,209,315,58,63,114,0
294,Lucas Torreira,63,3,28,15,0.05,0,3,0,0,0,46,12,26%,1,1,3,"2,493",39.57,3,40,28%,4,94,14,1,62,0,96,57%,10,75,53,22,327,276,212,30,32,47,0
295,Pierre Lees-Melou,6,0,0,5,6,0,0,0,0,0,6,2,33%,0,0,0,227,37.83,1,6,50%,2,17,2,0,8,0,18,56%,1,4,6,4,25,32,26,4,4,3,0
296,Adam Lallana,233,31,108,60,0.13,1,13,15,0,0,302,101,33%,9,24,29,"7,637",32.78,29,503,20%,48,169,18,0,164,60,360,73%,102,188,138,52,"1,000",984,"1,197",231,131,276,0
297,Ilkay Gündogan,135,29,99,22,0.21,4,19,6,3,1,194,58,30%,3,13,8,"7,825",57.96,17,205,28%,45,276,15,0,58,3,114,60%,66,105,55,24,612,366,361,107,57,71,0
298,Curtis Jones,33,3,18,6,0.09,0,3,0,0,0,30,12,40%,1,1,3,"1,179",35.73,4,8,25%,1,27,2,0,23,1,24,50%,11,21,9,4,106,87,114,30,17,22,0
299,Conor Coventry,0,0,0,0,0.00,0,0,0,0,0,0,0,0%,0,0,0,0,0.00,0,0,0%,0,0,0,0,0,0,0,0%,0,0,0,0,0,0,0,0,0,0,0
